epoch,step,train/adv_loss,train/disc_loss,train/kl,train/kl_weight,train/loss,train/recon,train/recon_crispr,train/recon_gexp,train/recon_meth
0,27,0.995473325252533,1.0155069828033447,10.463500022888184,1.0000000656873453e-05,13.437054634094238,13.446904182434082,0.23573920130729675,8.63061809539795,4.580547332763672
1,55,0.7173498868942261,0.7294121384620667,22.54096031188965,1.0000000656873453e-05,3.6671946048736572,3.674143075942993,0.09881264716386795,2.739957571029663,0.835372805595398
2,83,0.43394219875335693,0.4428090751171112,39.26167297363281,1.0000000656873453e-05,1.7904587984085083,1.7944053411483765,0.08098932355642319,1.228357195854187,0.4850587844848633
3,111,0.3804662227630615,0.3855725824832916,47.70634841918945,1.0000000656873453e-05,1.489465355873108,1.4927932024002075,0.0774204358458519,0.9875847697257996,0.4277880787849426
4,139,0.3494507074356079,0.355607271194458,52.90724563598633,1.0000000656873453e-05,1.3783249855041504,1.3812904357910156,0.07578792423009872,0.90684574842453,0.39865684509277344
5,167,0.3030405342578888,0.30764150619506836,59.67916488647461,1.0000000656873453e-05,1.3058103322982788,1.3082441091537476,0.0740947276353836,0.8535333871841431,0.3806160092353821
6,195,0.2909983694553375,0.29549574851989746,67.05052947998047,1.0000000656873453e-05,1.2236616611480713,1.2259010076522827,0.0728062093257904,0.7971147298812866,0.3559800088405609
7,223,0.2678278386592865,0.2724241614341736,71.87443542480469,1.0000000656873453e-05,1.1995484828948975,1.2015080451965332,0.07347364723682404,0.7810556888580322,0.34697872400283813
8,251,0.24977527558803558,0.25327080488204956,76.54883575439453,1.0000000656873453e-05,1.1257717609405518,1.1275039911270142,0.0751558169722557,0.7192971110343933,0.3330511748790741
9,279,0.33076202869415283,0.3368206024169922,70.72332000732422,1.0000000656873453e-05,1.1912858486175537,1.1938859224319458,0.07367035001516342,0.7646797299385071,0.35553595423698425
