model_id,model_type,tissue
S000,Cell_Line,Lung
S001,Cell_Line,Lung
S002,Cell_Line,Lung
S003,Cell_Line,Lung
S004,Cell_Line,Lung
S005,Cell_Line,Lung
S006,Cell_Line,Lung
S007,Cell_Line,Lung
S008,Cell_Line,Lung
S009,Cell_Line,Lung
S010,Cell_Line,Lung
S011,Cell_Line,Lung
S012,Cell_Line,Lung
S013,Cell_Line,Lung
S014,Cell_Line,Lung
S015,Cell_Line,Lung
S016,Cell_Line,Lung
S017,Cell_Line,Lung
S018,Cell_Line,Lung
S019,Cell_Line,Lung
S020,Cell_Line,Skin
S021,Cell_Line,Skin
S022,Cell_Line,Skin
S023,Cell_Line,Skin
S024,Cell_Line,Skin
S025,Cell_Line,Skin
S026,Cell_Line,Skin
S027,Cell_Line,Skin
S028,Cell_Line,Skin
S029,Cell_Line,Skin
S030,Organoid,Skin
S031,Organoid,Skin
S032,Organoid,Skin
S033,Organoid,Skin
S034,Organoid,Skin
S035,Organoid,Skin
S036,Organoid,Skin
S037,Organoid,Skin
S038,Organoid,Skin
S039,Organoid,Skin
S040,Organoid,Colon
S041,Organoid,Colon
S042,Organoid,Colon
S043,Organoid,Colon
S044,Organoid,Colon
S045,Organoid,Colon
S046,Organoid,Colon
S047,Organoid,Colon
S048,Organoid,Colon
S049,Organoid,Colon
S050,Tumor,Colon
S051,Tumor,Colon
S052,Tumor,Colon
S053,Tumor,Colon
S054,Tumor,Colon
S055,Tumor,Colon
S056,Tumor,Colon
S057,Tumor,Colon
S058,Tumor,Colon
S059,Tumor,Colon
T000,Tumor,Breast
T001,Tumor,Breast
T002,Tumor,Breast
T003,Tumor,Breast
T004,Tumor,Breast
T005,Tumor,Breast
T006,Tumor,Breast
T007,Tumor,Breast
T008,Tumor,Breast
T009,Tumor,Breast
T010,Tumor,Breast
T011,Tumor,Breast
T012,Tumor,Breast
T013,Tumor,Breast
T014,Tumor,Breast
T015,Tumor,Breast
T016,Tumor,Breast
T017,Tumor,Breast
T018,Tumor,Breast
T019,Tumor,Breast
T020,Tumor,Breast
T021,Tumor,Breast
T022,Tumor,Breast
T023,Tumor,Breast
T024,Tumor,Breast
