,S000,S001,S002,S003,S004,S005,S006,S007,S008,S009,S010,S011,S012,S013,S014,S015,S016,S017,S018,S019,S020,S021,S022,S023,S024,S025,S026,S027,S028,S029
crispr_f0,0.4251618445587807,1.0489983234218043,-0.14825819152326813,0.2246850300770615,1.3207722806475499,0.83381291792008227,0.1713226514893853,-1.0173461862802,0.59236860784552292,-1.0620866604324533,0.17441488842673711,-0.54873219688815522,0.48387749978742955,1.7048504393701984,-0.5657463601985534,-1.3363832008282752,0.50107875596220219,-0.23115422865569618,0.6854402215780443,-0.022262583847597116,-0.063153940270960787,-0.13467720289369614,-0.021472452698076194,0.21746098283742316,-0.35711429711482434,1.1008189158087704,1.2282463552991694,-2.2779699331867143,1.130533071658115,1.0463345021644255
crispr_f1,0.17911312485883271,0.13187658448888459,0.18610546968003719,-1.0487943804665287,0.35494570400707642,-0.737894802853578,0.072994472698142382,-1.5500887248312731,-0.39605357201186309,0.33940713841854836,0.35658947869637425,-0.038006366482508144,1.0481428472325087,-1.2334267090778619,0.68800079432360017,0.65001365386737919,0.75785388365693385,-0.67885092458188623,0.28718740957295241,0.34194970498320537,-0.2293892105610825,1.5096259945844783,-0.25135964545098854,-1.0527679227833588,-1.0634544797241892,-0.79812948940100592,0.73650099312476558,-1.5187738439085483,-0.55625669468626071,0.066134012207869047
crispr_f2,0.205903659726032,-0.20586715146007811,-0.30035162477582744,-0.081775741537228205,-0.25726184397831298,0.50967278672149596,-0.19432526781013698,1.0242128233678276,0.57882094991574551,1.6007417283707068,0.18803302745258438,-1.3875494105941892,-0.33851526701799162,-1.6240144424504377,-1.0190524166381008,0.33190574512694992,-0.86262505862137551,0.44927921993865005,1.0001582666818003,0.56273572481731071,0.62676703708824233,-1.2127582385634099,0.60381347623650117,0.42931496895039761,0.34592593517461523,0.32044369501341113,1.6646667867260261,0.19553931369157712,0.012622913054729758,0.52226469493087258
crispr_f3,-0.14932579932082077,0.77745986096323905,-0.047689108656492646,0.26663816861814055,-1.4745682824041506,1.7847245433776224,0.54373111246586514,0.057549007264206996,1.3066839363972627,-0.16088141386178384,0.95780190724011638,0.6626921711007836,0.22709795303178151,-0.92317686320679548,1.0577360907238589,-1.1404506034441015,0.79548260528502268,-0.13261981582086577,0.10235839644464413,0.82526252304001924,0.30455626671632435,0.0089446638976229606,-0.37357371594936722,-0.063891487278559603,0.62187897731046282,-1.4557479000636224,0.14214974869453206,-0.1159532645087637,0.33192891296818805,0.077841580839841024
crispr_f4,0.38626158568813296,-1.0080544149525177,0.756570972180588,1.4590521856223038,-1.2029886247900095,-0.81710310408552278,1.0664178858092805,-0.81270944408453316,1.1283658395783618,-0.9399274393757695,-0.29243023846396776,0.68065569349077648,0.59035123220771579,0.63781177409325462,0.91343869981990833,-1.0778976934106692,-0.22482283545903783,-0.63835098598520623,-0.49396389496764709,2.398727498480516,0.15447043948119463,-0.98904854482791038,1.8532606530672615,0.86995232069468886,-0.24444423220395026,1.9681162748001024,0.26862417999070126,0.38465919923490005,1.6895435285312008,1.1548502393141944
crispr_f5,1.2995865008577421,-0.32941340647329448,-1.1649571891214441,1.2863180443499624,-0.1719470026193263,1.1096010023595948,-1.4337567525244783,-0.33348226654004842,-1.5598570643517449,0.45878162780372173,0.68908908616510733,0.5333775048670838,-0.19876630798937128,-0.065471952668726505,-0.095242697018787445,-0.22814045376908168,-0.59212379082012989,-0.38910580250764992,2.3328402480106458,1.1935470821832836,-0.46210756905846917,-0.44353065840817241,-1.8108023614089837,0.34194262120889246,0.91987598556623973,1.6110992602565357,-1.2616659550422726,-0.015389549895995598,0.53691060328090445,0.71226414797185655
crispr_f6,-0.16787255750159844,-1.1350778893791791,-0.20363426543516247,-0.46187702593485136,-0.18755431170752979,0.096905837458250224,0.18792363783009572,1.3696658438982043,0.48385193017569988,2.4085150278930421,0.22299745903858853,-0.90798091406076609,0.54809703353864436,0.16596073970148728,0.38439545714086043,-1.9453988635800441,0.009019881157603174,-0.62663400397240732,-0.71424513330348816,-0.5669587265953101,-1.2838957359232446,0.33198564530280467,0.27625317604021149,-0.42875403736337048,-0.4781777713907075,0.19937440284364272,-1.9292776536103708,-0.91049202868453571,1.3438303929978443,-1.6292714931986716
crispr_f7,-0.6554775638594641,-0.17386982443972426,0.35708352019307149,-0.99231659769110059,0.26844652008345277,1.6049751112672543,0.0059942162998605818,0.42092633792102063,0.70705131609021576,0.32464553567849114,-1.2922527468083591,0.66263522131193087,0.01182948000619756,1.2773529241422295,1.3370952449862175,-0.82043894194903089,-0.2173185982575507,-0.99293543877609491,-1.1271481488605197,0.50681803074506782,-0.31606133235535128,0.20427421578455707,2.0864791789791117,1.4776133610563051,0.97325408039227401,-0.30369246184525672,0.84265339384917382,-0.59892052655757444,0.33822785250228338,0.081544572308304974
crispr_f8,1.1892298925322724,-1.2521520595303279,-0.096942587434986766,-1.0893739983978434,0.08836496022367922,0.63661582822357354,-1.26655185661222,0.11298867951103626,-0.42465896111251161,-1.6815996213120012,-0.48829105738936712,0.49691594381255716,-0.33420540125774784,0.8995190975004077,1.0340781357735569,1.6228184188014825,0.79115415706597192,0.67623808983333067,-1.9702524237434231,0.14979849216234764,1.8880497642049223,-1.2016322952713276,-0.5083830627466891,0.91185534870578133,0.49876385521984812,0.25746711334443678,-0.78150147738657305,0.43978061122424,-0.5633834361955693,-0.58817912814737427
crispr_f9,-0.063005286157817683,0.62917192559674373,-0.32921366973613964,0.17217717855801415,-1.0013957976707875,-0.76054739022583673,-0.33147724350450786,0.56810352755596993,-0.56562259768257228,-0.75317869939298709,0.46224029186561544,-0.30771684742140226,-0.11270619215535338,-0.73156206042796124,-0.3720600444501338,0.42481571100911641,-0.18387158131739845,-0.97095812946971904,-0.74388052891302403,0.85443606597935151,-0.87699778332690215,1.0748825260005588,-0.4419897339974303,-0.24747187400173534,-0.088465710992910673,-0.58797016130211111,-1.2565424806555823,0.94583167879404617,-0.11145404705798272,-0.42942130295164316
crispr_f10,-0.41123114951057171,-1.0196089389816008,-1.3271974300189031,1.7499091894431384,0.92928679279515813,0.067032704017221181,-1.9806719588001207,1.4732443868743796,0.76646269098780506,0.59578672777792108,0.4001421981590374,-0.11330534908316449,0.077932723239184473,-1.7076182643512696,-1.2344275168638679,-0.82465379567206176,0.80641484258882568,-0.050205211856129119,1.3761474905732811,-0.6815559658507887,0.19309444322091032,-1.466018865712877,-1.554122268368141,-2.201638026076957,0.081119371248890695,-0.18390021231758519,-2.0684238557650896,1.4795594901199827,-0.94390300449814735,-0.35649356851851244
crispr_f11,0.82219824944410169,0.023766639706268872,-0.43846438700560342,-0.40556761444672262,-1.1200806368749137,-1.5577621674681135,1.2061451218790173,-0.2811020268211139,-1.0847309605657958,0.31827665080499246,0.22454495107787908,-0.64632242235387638,0.31806942274587247,0.79530633575008303,-0.79290832124520128,0.38327389362996617,-1.7766993130468289,1.7985878738839274,-0.8735087124512706,-1.2994790355019166,-0.76116758790998473,-0.015027372545439432,-0.31744545214092107,0.92798067949122298,1.9416929459641212,-0.70726269421004095,0.71022437807910899,-0.32713451736682064,-1.7903583357874093,-0.093189758553098107
crispr_f12,0.80075765720403558,-0.17949059726617672,1.0975838072051514,1.4888640964355786,0.38935022696453797,0.06540349993337774,-0.77928411458640656,0.80047032794889794,-1.448255149127601,-1.0199216184649802,-0.45205893548474174,-1.3547720408528607,0.86766596173243948,0.33692196600992808,0.18313095049642894,0.91700701441178145,1.7712168864164521,0.7028268003175403,-0.23657127906339745,0.51789730258180067,-1.1959926511519132,-0.39652332821346675,-1.0029025472744237,0.66252637588018315,-0.23868457394686585,0.6488850663694069,-0.048396589748414306,0.65555102383109953,0.72585737510494808,-0.35682444958151216
crispr_f13,0.088137780421918221,1.2969842910612981,-0.67028237054572892,-0.054722501705832517,-0.22842310569482974,0.85385770497478553,1.1972266327885599,-1.1883184973968783,-0.75913572146342112,-0.83935714339746559,0.63388498969904961,1.1910647887822643,-0.92724334490096438,-0.082555673465159657,0.92853161407164908,0.072974793090990586,-0.31498348475990068,-1.6709944007863942,0.8221069061873294,-0.32250479784045416,-0.66627291095360863,0.516396260456505,-0.26185586699244212,0.58608849884242264,0.25260981947524441,1.0574515162526297,1.0409564763881314,0.36037265642065947,0.038818322390891905,-0.34076557086098719
crispr_f14,0.19122173208941443,0.686859387497605,-0.34074651706127257,0.65889777386754977,-0.23328701764575041,0.78289612372108075,0.065475455226270407,1.1712771390771339,-0.71211003656732208,0.026065564467078733,-1.2724755647597688,0.9481110170991931,0.47369122074604519,1.2213992877299131,2.4214051013257296,-1.4654357771002349,0.53676153909110724,-1.2250869673736571,-0.21533570658286136,1.325671240817478,0.042906646745274696,0.31348182255937518,0.12325811399348877,2.0128754620036395,-0.096516261412491769,0.80363630390297103,0.21330056257460664,-1.7346989263349455,0.62391283159571542,1.0088849799236657
crispr_f15,-1.4521983513140126,-0.065793768529274349,1.1770706078089179,-0.64643956895027788,-0.06697153798819816,0.78189776993268079,-0.59359959821704789,1.2840023686038211,-0.22876260810526788,-0.71671986296027956,-1.0752009951293404,-0.33822426472137024,1.7121800802216365,1.9287609691471777,0.65876554440056478,-0.49805846309131258,0.97703089783763575,1.1423052865790333,1.8783632588202794,0.94113265581617611,0.56453695675992666,1.1584513692918916,-1.5744855276038576,1.9367608671431396,0.40434347307343577,0.046786489798976975,0.28386390219163177,-0.57979411994384811,1.1335445841561584,0.35165357255232599
crispr_f16,-1.3846302817829303,1.2658367583500318,-0.1152029269066541,-1.3408594025306706,0.21228674784569204,-0.34298926123506168,-0.16027067083152774,-1.3864194110382895,-1.0092942423668942,2.2005809763817794,1.2690519096621673,0.30793235104845479,-0.88694814247079123,0.44260519276865379,0.096052782826748215,-1.0202373447071169,-0.7297456969579087,0.41560021696318999,-0.4965566240549727,-0.37617127431717945,1.8731290981514785,1.0335699175547777,-0.59713007214483371,-0.46157167900984952,0.74220395750332058,-1.9190685629595019,0.72685083714012977,-0.23246478586761046,-2.5249673251517328,-0.58373377150487205
crispr_f17,0.10665144415334042,-0.78747887033615616,1.0826358143745669,1.3230683852815175,0.014636645784603578,-1.2402027878672055,0.66079477330367664,-0.76622526540631863,-2.3128262419454737,0.15243567805661182,1.0780951997199706,1.9321304133724639,0.48784923293348664,-0.81660452748685686,0.048546736442095471,-0.12328722627315671,-0.30810673836331293,0.97973683766363839,-0.065607097543466636,0.72883143163828545,-0.1943875148560609,-1.249454511543403,-0.56530891668225391,1.0440650037593151,-0.89957703208128026,-0.99875949430260402,0.73539426811527997,-0.36243305728037151,-0.94521011844421921,1.0739695099530941
crispr_f18,-1.1497765891605458,1.3944230709372221,0.10774084744800044,0.84355278028472525,-0.83000585412052685,2.1170023344466067,0.3929353197044671,0.45561264242395211,-0.57819947924681869,0.34416931251031402,-0.43946217415195088,-2.1856485414257905,0.38356494828457399,-0.73998484857132374,0.26541184628894199,0.43748547292954121,2.5066447927727746,0.077593002610140516,-0.54276247410336254,0.9428986114834329,0.46877392506435905,-0.39637796692559674,1.9785837735164935,-0.039055867422730199,0.90121497400650863,-2.0340976022896187,-1.6431669047690902,-0.9301767547790879,-1.2949188694108511,1.4997543082876663
crispr_f19,0.9495495182550201,1.3010362119495642,-0.078113410887367313,-1.1418306744063766,0.91849199966686912,0.87940556292062222,2.1622302523626047,0.10718340340497552,0.8717941134582784,-0.13651463438143821,-0.2649487201445212,-1.0612342846058243,1.1468550596566809,-0.73763394119382941,1.7104814084633748,-0.88235261270653231,0.22099100669819502,-1.2839979092803357,0.002800736334371405,0.064806364485632623,-1.8163604806255822,0.28144245886499569,-1.1979907144649631,1.1772306954988963,-0.25107404137708228,0.57497395041263832,-0.85405557001487964,-1.8459079563110858,-0.34720719257398763,-0.079647863770522534
