,S000,S001,S002,S003,S004,S005,S006,S007,S008,S009,S010,S011,S012,S013,S014,S015,S016,S017,S018,S019,S020,S021,S022,S023,S024,S025,S026,S027,S028,S029,S030,S031,S032,S033,S034,S035,S036,S037,S038,S039,S040,S041,S042,S043,S044,S045,S046,S047,S048,S049,S050,S051,S052,S053,S054,S055,S056,S057,S058,S059
gexp_f0,0.89806201227371651,0.33072168321859791,-0.50098943545683872,0.34781957860479351,-0.82161106593839528,0.020330645357349127,-0.038424548113361046,-0.95373700857218102,0.46515187759545568,-1.4208676988362237,-1.5330099184579704,-0.47360533208997846,-0.46945872551847523,1.2564110418767271,-0.51323632111730921,1.4906739208962356,-0.10640020723884916,-0.40216812656743917,0.56303988780810987,-0.042812740294621156,0.30210584715273531,-0.67953099612334156,0.20098846345002705,0.24696319686567506,-1.1139270902093212,-0.23234095251565992,-1.9143385370822956,0.12746267232320149,-0.98967254061867393,-0.10873663392533219,-0.23814945581407043,1.7022398530142857,-1.371345236359593,-1.8522144036654913,0.21990996350543587,-0.21119922973328548,3.616762575766197,0.044025074525169461,-0.6003191967508672,-3.0266113373144745,0.28156239673721695,-1.4341817058171769,0.81049997569866461,0.33426750331460592,0.6231241513483714,1.9016518858291087,1.8962728094846437,1.5168684609275653,0.14670980668031608,-0.190850112969248,1.5176541315991363,0.9697958027158563,-0.35582372670782253,-0.15773854230485601,-1.0759695266829354,-0.71791760588743458,0.22895429240628401,-1.4910606546110123,-0.90454565422158195,-0.54624127424319779
gexp_f1,-0.7157746379726273,-1.0284525249211365,0.41633403674114072,-1.3082251011375956,1.0698906994036004,0.16587463836903002,2.1017427490412404,1.584849470310574,0.33608390620444517,-1.7868379113000596,-0.56775382235699323,-0.22410326284392043,-0.60296373786085122,1.1309980028398861,-0.60694960735383252,2.035534090233329,-2.0838072033599535,-0.055100760684849856,-0.89412717248618956,0.99738718043126684,0.76700346860561375,-0.62834808383392227,-0.12769265330656604,-0.062256337301446425,-0.2126635313868562,1.5172966550013187,0.32888571857737781,1.7984777572017483,-0.84153193628129586,-1.7505422258202867,1.1343230859686,-0.54322452592832549,-0.30138656625684518,-1.1670731948982338,1.2571387570735388,0.9264384400451865,-0.022493061459220684,-0.13974603581255615,-3.3729825487038596,0.97192479060506176,-0.011091245705117254,-0.12229099811713806,0.78270055364708391,0.80623128932418997,0.13272405951755994,0.3972410288583732,-1.0942519626719509,1.6871019962682681,1.3579780059806215,2.5050156008504438,0.73766810640878211,-0.28547132257395036,0.29885197256609475,0.38709406366059629,-0.19782824660996562,0.35062552527586555,-0.46423825214211023,0.89510679029508478,0.13768126327299918,-0.49478335396479717
gexp_f2,-1.3310874687289527,0.25185586342068483,0.92395912592118556,-2.0967640779997967,-1.3615703143134397,-0.010850673730837918,0.59733352615410606,1.5011711812692936,-0.28992329570399772,-0.47567876265935199,0.7859366654069927,0.80497129321044059,0.90579891876775565,-2.2530895981008108,0.19298098905624766,0.75123803410514001,-2.3378971516024438,0.48307572938983989,0.12153676095023937,1.5075568875499255,-1.174971361845486,-0.71913835047446595,1.0412779265429963,-0.065337846386011478,1.8821708283436474,0.30363150157981256,-0.88145504252861462,0.29746129537429555,-0.34975190420185215,-1.4723561812959689,1.7991832749292609,2.2400615830886519,0.11462326913844874,0.40282421138671604,0.36801486926749766,-0.66579073419681745,-0.34909376018949173,-1.8485685271404364,-1.5302564675393417,-0.35549908002384673,0.83272499131995747,-0.22857224108292676,-2.1923674301586789,0.1255483370327812,1.4707097247058338,0.21143865943663218,-0.46797388262648865,-1.6357539428645511,-0.25852339688334391,-0.35251786200218771,-1.2552485939152964,1.3074454706904846,-0.22346804605784293,0.83747476896174711,0.29086790650974925,-0.99159149721045192,-0.69672408933596996,0.7618196103181829,-0.61324416539557602,0.019073122704241552
gexp_f3,0.71392503891562031,-1.7423893500753234,0.18785760360619647,-0.11133042705916239,0.57156826985568754,1.6819287123254993,-1.8279414722992371,0.40028087827192715,0.47711071048418729,1.8100929069915872,1.0897087685436493,0.9534126610896172,0.23681399997160005,-0.50496210907913663,-0.84047450561277748,-0.30235185682561749,-1.2186104786953895,0.59412473456216086,-1.0796322804894152,-0.13192843412195629,-0.52922782922479794,-1.1542939467604911,0.1181704809646236,1.6978559847903014,0.42683028000253243,0.82939336155534304,0.73548059889866468,-0.6981124410418551,-0.57833711097415719,0.37468437579425817,1.2664884417252746,0.28132583498069375,-0.57812903555346939,-0.74781417906748893,0.89879577887724926,1.9069543438647569,-0.30952407706266,1.5981720098228447,2.811240503322515,-1.8450073755321099,-0.57531640320439537,-0.61076509854494809,0.44914111043905808,-0.47830551414448058,-0.24233334328245371,0.55975028843967789,0.25597769269998538,-0.48369093782150097,1.0275612160479075,-0.31856881886738203,-0.76980345033813957,-0.085379808490235826,-0.67540846416188716,-0.23774894310408293,-0.13704971722099701,0.097731852346468626,0.18347367362535402,-0.75313888309683852,0.0075315145534229416,-1.4346825874941329
gexp_f4,-0.47309096489580044,0.74257499624524648,-1.5839252053505144,0.5619493598572628,-0.29062282038459136,-1.0148668425828162,1.2740794829322573,0.837710486860059,-1.3547191518332466,-0.67689243398360566,-0.06957796800704967,-0.018419144753403026,1.1390582612703917,-0.3580390084559455,-0.48928895396146488,0.5254021818732092,-0.19427095071580761,0.79162831198186867,0.34328092564590296,-0.18088476670244127,0.95605007101805628,0.19651113840449513,-1.0920830444334124,0.20464082023183863,-1.2736587913817603,0.62833431719118071,-0.38948748434023256,-1.5116463209310151,1.7028208956325037,-0.77015355867853086,-1.1698077698684295,-2.494921844549812,0.36417888434327067,1.8026932280332968,0.76670145276904467,0.6584519601663793,0.078659585600288032,-0.064358312050683389,-0.38290621911910011,0.18434236866347634,-1.1528171163574097,0.55714746710697738,0.65213140673133374,-1.4518183541927965,-0.72408089339387016,-0.26700699070838912,0.3976808215875503,-1.7051616820048561,0.76453945610668794,-0.22593109652530408,0.26997976088588299,1.0365274441434291,0.87499192887473354,2.0765592926480307,0.16817724274055013,-0.55417306225035934,-1.3703756429543279,0.25672763447016095,0.39612772533928958,0.55612358255744132
gexp_f5,1.0425781282701305,-1.8933289678594833,1.8247881144896934,1.9849904850834414,-1.2195077843122883,0.40721371049184391,1.340335137549119,0.25362424735338901,-0.63476183568843669,-0.64996445451075591,0.26306326117255824,0.166098447474015,0.39137110699000049,-0.54145976814652597,-0.30957631623316123,1.1941627843396851,-0.92901053895134345,0.85027222420397441,-0.02005309596247766,-0.63351845809554186,0.72215038859989999,-2.1042136558608107,-0.34300368232030082,-0.35529707633089874,1.4592008024601866,-0.10635538445144373,-1.0384681907522266,-0.38661754251896929,-0.16757852260471798,-0.36015819695257734,0.36473649545942299,-0.14743707387432056,-0.73598292455679437,0.55679045415880757,-1.8703936219684965,1.2892486847089499,0.67810849655456362,-0.33211444947860747,-0.58097053655908071,0.3132568109564226,-0.56104929104401724,0.75747104851646607,0.6282521067734208,-1.3513068458449775,-0.53118434774843959,-0.014784203653942342,1.5040157300122579,0.55986721250581806,1.4070602168861015,0.29884483629818182,1.3544619371149076,-0.51600693500820127,0.35533530849846884,2.4433224873246187,-1.0319371809305051,-1.3705086359723646,-0.1644836688979813,-1.2755392593309454,0.44906581174239318,-0.54715501185613569
gexp_f6,1.9434019375383513,-0.048066389180696091,0.45075591697698997,0.087180053040410987,-0.0081856415439841481,0.97510940870086593,-0.090321278357307369,-0.25893041806595402,0.025187615052648563,0.14483250866914091,1.1115166141512376,0.52692431214305813,-1.1185975763681668,-0.045576872030643388,0.49739787594403218,-2.1247145170162924,0.35040828865267321,-2.6960293141952412,0.97149024537614048,1.3409291565638373,2.1144449414065631,2.0852172168677896,-0.82103545382104737,0.59607109867166308,0.62402398171161777,-0.56538793297806444,0.27158357438231817,-0.69499447265175762,-0.58290619422558643,0.50653363577175536,-0.28813271200537133,0.60720069633335316,-0.37958707372586598,1.767854425863195,-0.10922190640214241,-0.7763622426301392,-0.68595166045019873,-0.75447305668127351,0.73572212111980273,0.21425742089584038,1.2099336610576772,0.30420836827664099,0.81937048393285072,0.12552941224457403,-0.49907874098769661,0.18418062241309097,1.457833024808656,-0.96202937611568273,-1.316433417125203,-0.96098185350299248,-2.4795371779138771,-1.7920716569876125,1.1010451497251939,-1.2703982884025673,0.3546475458707164,0.89447365350632413,0.46545145172670449,-1.6080927633204543,0.018093629684990963,-0.2013835824828128
gexp_f7,-0.52526121475900089,1.7384948702764855,-0.55245423390407855,-0.14721835781706769,0.60554527363776167,-2.2749519441907804,0.070566459983386093,-0.1128875598403738,-0.21222429236480342,-2.6374791260138499,0.44290299369386088,-0.31372311241955386,-0.79051489517727869,0.59050738024003524,0.0015753886504126084,-0.0042042464513437575,0.33774377316625931,1.4235653227332083,0.6452843731354293,0.2490986240929588,-1.0127489937840808,-2.10884994756612,1.2450430442076428,-0.084359613876595949,-1.1520374661638069,0.76826752010081312,-0.21876850661541355,-0.083393113045369394,-1.8983420826078405,-0.44037934477034446,0.59152299073731907,-0.43401554309027929,-0.1442436301954825,-0.057813318028483933,0.24613826170215902,2.0492245186988463,0.72669171388970999,1.5625442031954455,-0.63678626332384125,1.5573364965317329,1.5594547088008246,-0.39860347766994492,-1.1370333164768744,0.8504753083630463,-0.92791663894023335,1.6380925940319926,-0.95354942527387987,0.28329123221477365,-0.81456825640225361,1.458238114822521,-0.060134801517483245,1.2617103211571785,-0.036362167316204279,0.64047233515598612,-0.10321690064455147,1.1043266149935451,0.48025835873241529,0.083561134557930683,-0.85256533435225423,0.25691549848268208
gexp_f8,-1.0639770537056041,0.48545041473389017,-0.81862398265189296,1.3434204517096724,-0.89462195298966052,1.2649551990721872,0.86997204742406042,-2.2972320978279255,1.1019390200519215,0.25244417286737059,0.59787600579803446,-0.92287368116962942,0.71149108409239759,0.093800730173579691,1.7856861836667881,0.5430905257815587,0.28032861203561049,2.3065619162812978,-1.6182278984967784,-1.4909806020503731,-0.10894402454240158,0.75386262897264278,1.9351318246468743,-0.47054987300724543,0.25514100251448474,1.8157934322043596,0.94463038180564296,0.4473884174759043,2.7187292035978157,-0.43168003447055142,-0.58706414023114029,0.53336746704208571,-0.0024720139124223884,-0.29773530609097743,0.399076558905467,0.14069898611692577,0.78157492559714725,1.3393325298707255,-0.97840129990994651,0.77891524597161066,0.21556755994060156,-0.64558375258370526,0.87180971433751386,-0.22312850164834178,2.167748145664008,-0.46065958381718791,-0.30999145108026011,-0.59655797182953907,0.63879570965898247,-1.3452508016960401,-0.40929069195584006,-0.032537863074860771,-0.88804235127245845,1.5394757123028981,-0.93472084995547211,-0.76156254428331394,0.86593283035917157,-0.14312320853044536,1.5104871742577433,0.48009196459084502
gexp_f9,0.58085305930559616,0.37627785233065109,-0.68976779691395851,0.76453514415026658,0.5683666188196872,1.3420143988414091,0.042374748150036973,-1.0601070339012719,0.95500730467989536,1.1013457614502011,-1.5730124339853095,-0.17335039817518699,0.53546314169334952,-0.20303324555947927,0.48598500836599778,-0.023351030239456776,0.78718767140463164,0.59426739944425588,1.2371242189734293,-1.0682688552126978,1.6826144039729694,-0.17080335514044381,1.3492397943017611,-1.0608885206501786,-1.6390664725051642,-1.2871163645389969,-0.28364135425438491,-0.060003704169099122,0.87247034077913066,1.7165027744161971,-1.4848693950353626,-1.0040749650422243,0.40314979074247637,0.22162366305534348,-0.280406067729149,1.2514757753918335,-1.0192598970378159,-0.92091109851244579,0.40887045752938256,0.6323114790596569,-1.1111734739840493,-0.31398263301297874,-0.40125981464208571,-0.38790510853178306,-1.2198795753623666,0.27497773743113646,-0.43815033603137615,0.099129282985452608,0.023691581532402996,0.18738323902101647,0.64088137219728136,0.48617959688558426,1.1606289804080727,0.39963475421703754,-0.68179936639378547,-0.53209855243369364,-1.7354006504289132,-0.74469271934987691,-1.6154853491754728,0.57968408392189841
gexp_f10,-0.43149941277984427,-0.016482339824220038,-0.48896113999216334,-0.38673083621063886,-0.34542361607524269,0.31991135221431077,1.3515442272957969,-0.063227394402382994,1.4127377342848366,0.18173983408760755,0.077341763016152976,-0.53127604689171659,0.5211098000759169,-0.11517256410158791,0.23517502236070612,-0.70951131472693041,-0.90987992798691175,-1.1477669570206908,1.0448617329618441,-1.3934420069771107,-0.27726467505342051,-0.45489049634593592,-1.5283582072479465,-0.55538526488223428,1.3022615490995553,-0.17801769905397483,1.2414667470538967,-1.1532821645431217,0.46803443062375272,-1.4969225112115176,-3.0807530743000888,-0.42079971966626201,-0.86248146585760865,0.33584261734386467,0.89867963185461419,0.16114222950212606,0.18761127539156774,-1.0035161053411616,-0.30543177323226911,1.2409136687052529,-0.52829032373562224,2.2057269663269703,-0.81541701379767551,-0.18086259874408822,-0.9703392159007026,0.45197626943206465,-1.2353023984182065,-0.48779327476490636,0.86089814118352093,-0.073719347780949573,-1.3648422556868351,-0.068515022278332213,-0.56041542607814576,1.3965822002489907,-1.9871739818140619,0.02592644350822107,0.36427628124395106,-1.1033262292649038,-1.1878131873156881,1.2250309741234189
gexp_f11,-1.3125046593267395,-0.83480455931396613,0.4602336716610036,1.5145278824135944,-1.3671629111973107,0.093398383323526235,1.0474004374652877,-0.6428173136499431,0.6784889995746094,0.12255870312032273,0.3792706454267169,-0.72789136694905621,0.25889929689552299,1.6738958500688506,-0.25458670906514297,2.3796513018808807,-0.90396008387051785,-0.40458550047268022,1.3024780208064057,-0.27972587458795206,0.78259397089333416,-0.65188701630512547,0.004219584803155969,0.17621424892625892,1.1637711069569736,-1.0640977768548845,-0.74991309162465236,2.0948836440332523,0.55035326862881284,-2.6458756940465933,0.65754865596922074,-0.4295508403089785,0.37179578561035087,0.6039343641529199,0.45254021499213909,0.88819249314738113,1.0552667903637094,2.0557112106953475,-0.78417072345076222,0.88152024231583093,-0.98432157667545928,0.94913747144023686,0.47781492700948075,-0.92852233698167119,0.017520304594093167,0.062545859834751749,0.73265100024883556,-0.47300978219926082,0.5769173307487645,1.2337193949149383,-0.55565770184728358,-1.7339248787775443,-0.19398988195163869,-1.5041922393888898,-0.070845755976116809,0.48798310807071071,-1.4451410937280296,1.831086596057389,1.0214268246757181,-1.6792804990577972
gexp_f12,-1.1135221650922695,0.61407711697454925,0.93197335813062243,-0.38336354880810969,0.57792058123155765,-1.5381079570263672,-0.17934238385936502,-0.44407916546117532,-0.14002744717132354,-0.7178847955091201,0.68848151672183666,0.075366774550712973,-0.26709601493437335,0.7126453399680045,-0.0034318313485172435,0.8981884994677406,-0.21420842185882064,0.45947655268671178,0.61603936462640629,0.370184394304584,1.028152243940017,-0.77125265801586862,-0.13029329518167454,-0.2349715163257004,-0.070347204330966639,-0.78815622401899532,-0.23052713044143541,-0.61131978756053496,0.54902210528726803,1.0425918592180532,-0.35156376192662364,0.36725307661400813,-0.86026946136781668,-0.19216218347260694,-2.2457005023737824,0.1575813057816427,-0.96339764438270026,0.46460665336647006,1.0586878973179934,1.1309690378825117,-0.63899912187642238,-1.0382020296665218,2.3173980546998809,0.020026630101017621,1.5432941831462155,1.4867289133387616,-1.1343332417700245,-0.297071792797865,-0.48690911069298448,-1.8779073102714641,-1.0144839747945278,1.6443632483465926,-0.6969076641255616,0.20992837406821863,-0.0012761133898219091,0.59708219359475045,-0.97823990025609975,-2.4426710188553078,-0.012697081742264603,-0.58635528794428693
gexp_f13,0.87718664628398901,-0.16591923809867481,0.83920076304077873,0.91966195515128624,-1.0793206931011836,-0.92160863503702217,1.2952844857833341,-1.9853315047214357,-0.066399207784170466,0.66369835167236435,-0.96352270551414931,1.0270748323107965,1.142363079625581,1.3633921214797644,0.87824761907724069,1.3675973178487817,0.84617601899188022,-0.24315449873746356,0.72968395810228082,-0.53870569469763108,3.1845805510159195,-0.53147308748358135,-2.0676961033215719,0.80118035879260974,-1.2845977180238353,0.59436526705391757,0.62416877519693281,-0.88796945474933608,0.48968898376856734,-0.39055023013419154,1.3999152498670879,1.1860112606284487,1.0282526096475604,-0.41429014930683861,1.029833317155602,-0.13614941428687929,0.025078570951231737,1.7499476575241941,0.22348442874835783,0.96483030919508572,-0.98111270373107229,-1.2891715904767473,0.4679803184120509,-0.32359378250866239,-1.6509956549009475,0.2091238510340134,1.0128476545672063,2.2542786546791937,-0.55706851273928171,0.10702052217517564,-0.33985257543262487,-0.66538674105304929,1.5095109584752757,0.90737955145361282,-1.3013191457050595,-0.3808372710163449,0.14346950591896276,0.82600858585357317,-0.16627954504144285,-0.081363058310424036
gexp_f14,0.29470005951658029,-0.6747574683302251,-0.67407518273013556,1.2560283750317307,1.8314279119015064,-0.98221625401303136,-1.2436898622679562,-1.5913315669524501,0.90837886767601084,3.5160735773140623,-0.32868167587018876,0.10554388341516439,0.16708069894319844,-0.43349658077254805,-0.65113107092134281,-1.4258556696027287,-0.01906474270770674,-1.5101831198750186,0.17651471610073385,-0.72035097168931228,-1.6272694224423665,-0.45386640760571306,-1.1820912662830656,-0.55247002812269663,1.4831923488309524,-0.11096527356342933,-0.31158111776350383,-0.52309443839349135,0.14419810425289931,0.5553415730894431,-2.2931603664647406,0.40482105956264403,-2.3388080279427292,-1.4698270831514608,-1.4202103202567975,1.5704238499523904,1.8605941130085204,-0.15882114553140614,1.485471477536505,0.71928159546676518,0.70098602554741885,1.9185897357766719,-0.11876496308093344,0.13776557971058778,0.57281862753610779,0.93877192565035716,0.0067637821710844368,-1.9046679884703361,-1.2905316367731221,0.22010869216595663,-0.83938499160343694,0.44323474312604921,-0.57380593658092982,1.3128585068583594,-2.0189322440067619,-0.70734373253141092,-0.26630694746070982,0.068802430959553046,-1.4046201079280898,-0.29826261859500203
gexp_f15,-0.43475366914539004,-1.5684418229730728,0.090692997348850168,-0.30835978284212623,-0.36396730828513446,0.93096656086078855,1.1640008132198751,-1.1278954113685267,-0.16998345680397131,0.41734893473459922,-0.8103205214869722,1.6118163594963284,-1.1251942290275407,1.0512012032749882,0.48705366163314096,1.9028363340765744,-0.20924587053211421,-0.71207548672855492,0.92253558216645959,-1.5939119918733826,-0.67402331423107809,1.2646041112735975,-0.43295668025882283,-0.77868565908980591,-0.40240585799539419,-1.1706189781806131,0.2051667829637949,-0.50110106804081989,-0.4932465538485144,0.52253678745639776,-0.53517568061001364,-1.3781458195684988,-0.87975926035902463,-0.74952819110348867,1.5237231016118946,1.2827845303742311,-0.77879710153673809,1.6920534063751036,1.0487494131959005,0.3910204239550944,-0.7127000170228357,1.2689253910269782,0.72684233255649588,-0.5445783790279658,-0.30440925030811977,-0.3401714658694624,-0.8923847015898152,-0.20537387431348522,-0.8566769933216325,-0.38945406739034066,2.0452091959946626,0.25450083855502648,-2.4577656513177244,0.20965116105018569,-1.2176612056339933,-1.3822793253387906,0.064656560615287198,-1.1835935312547137,1.4677687404672233,0.4982438042405975
gexp_f16,-0.53280893052165013,0.3058427623254541,1.0467458778617105,0.44352034428267417,-0.52294807175037583,0.27490221860961378,0.86645417248989687,-0.12365672106870652,0.6589014594544359,-0.27648812374656301,-0.27634693042415004,-0.14067989008239792,0.10911478606269238,-0.44579306705339,0.21086085540520877,-0.25554752262550218,-0.62859180926305525,-1.2622172017260171,-1.2868176587458615,-0.71833703552052808,-1.1992217621683792,-0.23768346009791025,-0.91470532789982806,-1.5520232469876292,0.25860305550522106,1.5839392486494857,-0.93822019398864187,0.26964399156326041,1.180109687490335,0.13653590911627717,1.5306274510104885,-0.65723199443224289,-0.14275477003232859,-1.2844551237291233,-0.80832375504697329,-1.1285586521169522,1.3941133234792713,-1.8779822487885793,0.78877759303277384,1.2896589620762569,0.72063146006078249,1.1597603303717521,-1.3077944642014938,0.65400986029679398,0.95461035858011312,0.00618811867512089,-1.1863532200020608,0.29207858043605095,1.8242887030565893,-0.52168251953299216,-1.3421204002258702,-1.002494551256518,0.12076141855546897,0.16531779649824668,1.8541528353930081,-1.2006158206623756,1.3317060965689649,-0.44784645573831355,2.2744217092314245,1.8379937013758922
gexp_f17,0.0054528754724005694,-0.73155507135609832,-0.12348627789514395,-0.0999186202625654,-1.0041408836710983,-0.88171754315242035,0.062254151665770294,0.099369539101407042,0.67554923172933157,-1.8591786832022199,0.14091494934832255,-0.92772706923816761,-0.19424472683616464,0.11158217317568793,0.067366051034581778,-2.4846686180626967,-0.080999776207302338,-1.0832001057315688,0.28636072248976413,1.4799749149961332,0.90451648455067901,-0.22363085513398012,0.20789953955979867,0.069569521142707133,-0.15839988299748678,-0.61678117998763515,0.63441942621978176,0.89667805270505574,-1.3493433471572089,1.904207727220925,1.5408532378094564,0.92786791267711954,-0.0030872463050328394,0.99845327570544906,0.92660668757674602,-0.18611586281038231,-0.28252926655293858,1.6950902715146867,0.028914942966406572,1.4830078533599134,-1.3129834225883519,-1.1031247502042327,-1.5003929437796482,0.076602327367669948,-0.15568177598112684,-1.745999348698831,1.185517039446309,0.80165267553154618,-0.55216349334840598,-0.1485083590512809,-0.89678355098722207,0.2995967957808931,1.700325659163255,0.88359511905060895,0.9597637450777815,-1.4503255814931804,-0.43452007237262003,-0.77916863244516599,-0.11749841064740453,0.055753122357130411
gexp_f18,-0.1905455305285518,0.043681872709474816,0.65760979649960738,0.52037759962473029,0.53056417201952599,0.11107477974692663,-0.69989534607494386,-1.1546009654475253,-0.53361398730544229,-1.2331068995695431,0.61505803605829967,-1.2221471548135268,2.5972170051894539,1.5763383539634124,-1.2127470508231708,-0.57765755071870784,0.64605185341379712,-1.1808388366453926,-0.12774612170687538,-0.53752684514245652,0.74186136440893269,-1.1228255454353149,-1.4689761235762568,0.96432514215474807,-1.8152371784310524,2.6277217711046372,-1.1001086634686892,0.46356390824057375,2.1014195066274879,-0.36119594515724129,-1.2385877818727242,0.72273255891924404,-0.53677123459018317,0.33123429200579779,-0.78844922213385282,0.43675202762149862,-2.1807957379835896,1.2489467599755939,1.1879986483205272,-0.44771956203137558,0.15447510539654863,-1.6507224162982637,-0.42623053907327579,-1.2735969952721085,-0.38089843113701194,3.0502821680757113,-0.2166703236816078,-2.1792365591151501,-2.1442404826972883,0.87925266350761555,0.094856073458966669,1.1378524608747844,-2.0934398293016345,-0.91646530238131074,0.17312938170843628,0.64217711981464765,-0.07047012101614783,-0.54094006058381761,0.27370734009467529,-1.7139729784237054
gexp_f19,0.20914673000685471,-0.51581778321370242,-1.2463685121421904,-1.1772010474603043,0.71917877880717418,-0.7404889307270428,-0.41858623160829628,0.097198768388234213,1.2996585817606174,0.53138133296045731,-1.6722097934960205,-0.20056595897534998,-0.1362315996968502,0.65668335843060244,0.20888403339447306,0.71668924207307749,-0.0034513388687881512,1.4577232000951796,0.11901442681683984,-1.3228857560031102,2.1398858783213077,-0.058213826223485164,-2.011557730571536,-0.61720474543590342,0.40047369639546404,-1.4312870710106202,-0.10080548040249086,-0.040799195027054216,-0.19706198901578265,-0.65079962033403993,0.65558911409370979,-0.13254204558931307,-0.19526091389879247,-0.67937586914226766,0.39479991457117819,-0.73186701033364288,-0.44640025557927021,0.77966252484305976,-1.3281893980829631,0.76612319163366083,0.94700731882630873,1.0303519175318792,-0.91256530517363688,-1.015436637393432,0.27000631271967873,-0.27803595569003442,-0.14243184893203847,1.7404255187969597,0.45664724316575256,2.6047644512711616,1.6517192541205914,0.95116583719825132,0.1825763788574695,0.96111371024094616,0.10269877578052237,-0.58956889933610301,-0.60600336490669982,-0.67784156549427943,0.9534199261774895,-0.27164275062189946
gexp_f20,-0.60153424716753534,0.11461528518110718,-0.055438587852322856,0.037449076022605131,0.25065427372356341,-1.1744269529390226,-0.20678551712813806,-1.0036161155949432,0.027074381555634464,-0.4796492808801906,0.074018578196419327,0.52947360413519085,-1.0968136717163763,0.92443972004158403,2.5657459238282407,2.4769910480314921,-0.60062848455259221,-0.83502586705698756,-1.8869447142921763,-0.25704214715846413,-1.4727860194451765,-0.76539672505824308,0.52547612409671252,-0.48294037549275232,-1.080065898837951,1.160195961377344,-0.53047630301189708,-1.5464623081881801,-1.370492317355259,-0.75753389736824828,1.7581237010972375,2.0109877031504286,-1.2957986698882913,1.1877724243271415,0.69528135358498033,1.0275344333606684,-1.1476811363886876,-0.63829442841907269,0.19666956492743731,-0.86653731976371007,-1.1325315396333517,0.68169314444110585,0.016112510035107278,-0.31096993166156911,-1.2070076913469967,-0.77589289312301757,0.49791674848896139,1.402502750482614,-0.80852960928756423,0.31442785339361257,0.27011763072835798,-2.0805096395314853,1.5865133758483887,0.33066716466554141,-0.90769503082311864,0.95812721014526547,-1.26886017436118,-2.0437331000630516,-0.62171880187461903,-1.5111062970406341
gexp_f21,0.45896887533062281,-0.41723996707274519,0.056465813435207825,1.2441652206622171,-1.561128422312098,-0.16108426508965179,-0.60987155985470165,0.41468762574553863,-0.91362855188868797,0.78659305924566858,-0.25808788555827661,-1.0501778452134443,-0.70367312509147817,-0.45217709035466552,-0.51775384755513298,-0.64007043020766374,2.0216948971383548,-0.66661245501587219,-0.64536935545643226,-0.86926317512861662,0.98577409361820723,0.2375966353396341,-0.0028902202301784776,-0.78126798856089996,1.2892556467569922,-0.44620902987371347,-1.556782482758559,0.34723171986366952,-1.217358460493897,1.1546094576477852,1.3508673097709076,0.44230586704633446,-0.55711806910565165,-0.16559019240927744,0.21689372418482286,0.64040336117616603,0.11417339389740462,0.84078207378242131,0.7895317091629529,-1.2377992369440831,0.72889607063937001,-0.90694591953306014,1.1141228795513896,1.5281745567842044,0.4582870073715043,1.1526293793721785,-0.9311247582027059,1.2275262510372684,-0.30751023772539704,0.39035605349019609,-0.26015512168505667,0.71375960458730381,-0.12557868177397435,2.0778778974986412,0.10326869611003618,-0.54980482045751289,-0.29251570558545348,-0.071323125800591095,0.22526502629702702,0.83738506521050249
gexp_f22,0.93583462190735467,1.4304881735867698,-1.3539625403649387,1.1710416875402996,0.26478536593168728,-0.0084977477171959189,-0.1231604424047943,-0.27988828578806213,0.83624239729047178,-0.25231413223455323,0.27456664351210602,-0.16184842865933952,-0.73556478654865154,1.3707364126681643,-2.2823419661173863,0.35714887584887267,0.45105348730074041,0.81898870909377885,0.21123712617228391,-1.3228896638234913,-0.20895012566837248,0.53096807472505891,-1.3174973484638783,-1.8250248051064657,-1.8898857403275813,1.1801799615674144,-1.0331824051367478,0.38824429216697875,0.93815706420322187,1.4857019151830317,-0.19966605315178595,0.70680537329691451,1.0459012007210176,0.62119831350575394,-0.26356236302666003,1.1170238173215288,-1.3272870584330387,-0.040491099567155936,0.12541225841174541,1.1966877227627148,0.16894525400737642,-0.33721150696805374,-0.94224106020034826,-1.5639644010066358,1.3048024981630284,0.32560760867246996,-0.21919623076067052,2.140109521290221,-0.054848204340403293,0.92274089146374405,0.57231387950709589,0.81575779046677399,-0.17537820364864207,1.5256203362478196,0.46404480906820228,-1.1123502001257406,1.4309987149467556,-0.032399127427014847,0.18403958628015951,0.71731847672787086
gexp_f23,-0.24798039526449139,0.94227882233268678,-1.3542925805524928,-0.44852589716636948,-0.36239038123853973,-1.2836930740922987,1.1964082135186798,0.23997342690147394,0.65918757019286822,1.6172308151408825,2.2790519500119522,0.067439646601182776,0.24918981953635622,-0.40629760206654369,-0.5496419012391055,0.10141414440512267,-0.69320163340640273,0.84000323184122494,1.2609741655840507,-0.1122894952357493,-2.8588854464933364,0.40894779130556452,-0.083505031646428599,0.11534074711759847,-1.5670342602582088,-1.2680957444491214,0.61201953166197465,0.20913567884082526,0.17274944645283546,1.291618800681485,-0.47003600201250334,-1.3109289272701183,-0.2049158522907549,-1.9357506572511616,-0.26801038587279175,1.2486571812280296,0.03274848329518712,-0.47455438977257297,2.6484513238064653,-0.72518098087101557,0.17871896937619358,0.071293570045721025,-0.32622739272324935,-0.85843064962103344,1.2550403033622124,-0.76053078873018631,0.85886050998070917,2.0081593413626453,0.014247312256017122,-0.40304898354424201,0.4535541576302124,-0.027526653199491168,0.35809440731166003,0.60667362231966948,1.1071471481996662,1.2928047254083195,1.4867901223864097,-0.12002140580288174,-1.7555013641972577,1.055328588153021
gexp_f24,0.10971828255438228,-1.6147945414158682,0.24765305993406822,0.73419848754604555,0.11012470756155132,-1.5788543726749964,0.050503445867354273,-0.17750876479937941,0.083803907257717442,2.7037824968869129,0.38736470606725237,-0.011877250848962165,1.1503770328691987,-0.78047444570520652,0.27401662242399888,-2.1784839867410528,-0.35079763005848213,-1.1383707594856209,-0.38761529234299708,-1.7206926195042651,-0.20778155449468863,-0.34038397968490014,0.0091608865914844552,-1.4996048626321996,-0.83084637887755119,0.51967871285643163,0.43669376197098764,-0.17729025620712849,0.54248026416975448,-0.87341879509618536,0.42454077512504257,2.4706665590881278,-0.084931371925688615,1.1746286153278178,-0.94583211206302498,-0.326162973163244,-0.99720733372093495,0.31345739006325413,-0.29724433008793172,-0.46518889630387283,0.26483860520661207,-0.68431321820264523,0.52316374889927164,-0.73708121950109162,-0.26980470107114213,-1.2650845981794041,-1.3108973563548618,1.8825076539797769,-0.81092367474181948,1.7542131703620072,0.53557728085421719,-0.37751363535753785,-0.52052856601192332,-0.53587014520450893,0.68749021724280779,-0.35134598956113855,0.44884655118998701,-1.283764516850775,-1.2370374908668424,-2.1909796613160744
gexp_f25,0.751302016953455,-0.42805506739647309,-1.3688009490663144,0.070492477368240963,0.33412356363664858,-1.6714520877008772,-0.45499695853129124,-0.67796474487217806,2.1725382965188085,-0.81144364840023708,-0.0497831208390195,-1.1042422711220041,0.25646712281997086,-2.2267375317875313,-0.69858525525484949,-0.72001146913801595,0.86629086435956704,0.70597579112803033,0.039313584407372079,0.96238211679326591,-0.65621715186613572,-0.74047315451439466,1.3189789736388489,0.70659491573204003,-1.8117331732464663,1.3838543965830281,-0.4781673253844736,-1.3681432507427238,0.63121891304979516,-1.512398690477591,0.68963839253469372,-0.31834675760919245,-0.99718806759249201,-0.18361659443076772,-1.611835205169057,-1.7062575079672515,-1.6559486622681701,0.13502350203369606,-0.83061889645611497,0.18249011740649013,0.43436388374737533,0.55570004276494867,-1.4376230964960572,0.56248465247542667,-0.24629342671660315,2.1032039953237898,-0.0018167399290691215,-0.6580093848374805,-0.93141508471494239,-0.57403996404541013,-1.1824716514823044,-1.7317675230621989,-0.28073525656471388,-1.6043083873503099,0.3505028711358244,-1.3329309210076283,-0.34369649511499134,0.72904716284885629,-0.63218148109643557,-0.34910994925659994
gexp_f26,0.20103393159618216,2.8949066265581407,0.90423188589751213,0.15130824200711701,-0.85825862638547723,-1.1877634387477969,-1.1464064420215769,-1.0940276599421439,-0.4886171896892651,-0.95357406719941507,-0.97135560341117233,-0.47230084819359064,-1.4029347249810256,0.71147895637796377,0.016386480461017382,-0.13206505137685437,-0.68422426818098192,1.5087040096786817,0.4939862964044438,0.44031330503497201,1.1465441516692345,0.62210374334867069,0.020194200181690894,-0.31532971395119724,-0.20988443517496,0.36563415465587518,-0.65842171878189204,-0.49046410959579179,-0.272475264400865,-0.13732865770286765,-0.86555085871423831,0.94958617742914975,-1.9249702739023038,0.46762285490118871,-1.6265719156521288,0.39288371829241808,0.13804282369283083,1.9703718093930456,-1.816290192581447,-1.4820046428454916,0.46575462707233256,-0.64856023132526874,-0.20918529628028726,-0.26607617530875799,1.5435981538474099,0.053138149686167729,-0.7919592667248132,1.0321404872469382,0.77169859665123963,-1.2658063225719898,-2.5930825332851581,1.3859137807020672,0.18932267196569047,1.4739068307558125,-0.079618310342812498,-0.7418276399149859,-0.39496383738898017,-2.8072376595929098,-0.39029306751845055,-0.30268481824532334
gexp_f27,0.29378659073705088,-0.045959546527421326,0.2426680687980397,-0.53309038723534619,-0.78663211596558624,1.161329667532178,-0.50093604280756276,-0.074671603215723192,1.2985846468622706,-1.5898349710484101,-0.17748870693521543,0.17472341001400302,-1.2869956282648405,0.91554107730629575,-0.39162525842494156,0.29599289252110367,1.9113889486237909,-0.36693759448821239,0.24408991382195833,-2.0609383332472304,-1.7897273795922906,-0.67937286074449565,1.4096677610895496,-1.9325548508193566,-0.70421468627119321,0.93497618945920324,1.9073807024685761,0.81960199091301023,-0.67653040727829461,-1.8616635391986809,0.79596360098082575,0.43211747247799337,-0.60003477480822942,-0.50955374680019749,-0.24232022872118664,-0.15301905080048833,0.3871507713504207,-0.4038685838919357,0.39623011292992028,1.9722498788069109,0.15757163927409515,1.9487058374924806,1.6110067476986003,0.30275019178784618,-0.60483651559122109,0.82334728755409547,-1.1404615222905385,-0.84329721764422239,0.15456996647094493,0.33290452474127147,-0.12144122351898395,-1.5759194156092404,0.2166923081223501,-0.41517338363277656,0.55695790242384868,0.20888407521104435,0.42853048701153312,0.54335256617871486,-2.1364163437825687,-1.5903863979990973
gexp_f28,-0.11759028042962888,0.22460714750882338,2.0165739446047168,-0.7676110952296874,1.5701084511893135,0.59036958162426145,0.42086961714174426,-0.27801950938398406,-0.15477017755304492,0.0064278327717061006,-1.4052222798946308,1.4559811622487466,-0.57180262999441211,0.59843878685347984,1.7558476631083473,-1.6294539417089375,-0.57308784682617364,-1.0881200111336018,-0.65095801984894486,1.3779342851926799,-1.6550939017522066,-0.67451213802230281,0.093765966242465582,-0.18924298599860714,-0.93259660914384168,-0.4508507057235725,1.0738286269758057,0.87110150204558245,-1.1690424379822422,-0.2866409469875747,0.57498548900856061,0.33243357490988329,1.1035943386183502,0.89850913406342137,-0.91105719710135913,-0.10250813974499975,-1.8496011135937833,0.49390865602379858,0.14475119462037744,-0.32680837119880629,-1.09076220443643,-0.4229019792298101,0.58997745028562354,1.3329207610754188,-0.6979726981472032,-1.3856427533914024,0.31424111922447673,0.88612248538944016,-0.014401692760509323,2.1761282989375399,-0.10614326008535231,0.23969269568141849,-1.1957579551724884,0.65045154398743255,-0.97189911308238242,0.86043460136403882,-0.65971156878292225,-1.1843450874530839,0.20406901376370953,-0.038143137868241535
gexp_f29,1.2995528485599064,-0.9832578209414562,-0.37741899440302423,-1.2935914796659751,1.1898254702464615,1.1974537618247363,-1.1199933903651877,-0.24927544579885039,0.84827045692390091,-0.51182765755761173,-0.17124055603259597,3.3054105912904879,-0.51842225948924725,0.15429166202018868,0.010244042274917414,-0.32821241466770129,0.68302086540836959,0.11109161888537937,-0.034038750202220393,1.7336603253353615,-0.30428609757713365,0.21328668644716325,1.38376949035827,0.96317454120707291,-0.57066778170607368,-0.11405664220781431,1.5020698441763645,-0.51227660216108961,0.32300899734736277,-1.1275749996643347,-0.97038155321391473,-0.2811223624679583,-0.089207627249474411,-0.9652786062315224,-0.44743534865714152,0.47613675233103403,0.10936937832157473,-0.35660381695567256,0.12487128401391723,2.3513256321104565,2.0359858153329773,-1.1203219312572792,0.10489575615990743,-0.87652903324169074,0.25178458209211652,0.34048843191559452,0.5564939494118214,0.22866384203097329,1.2744104327899344,-0.83769587423832115,0.82739167502676547,1.931868566533695,-1.7851442406835387,2.2673627016929196,-0.30196193603687882,-1.2630223493955564,1.4335238772302255,-1.7240793148156008,1.042193822037736,-0.79714213163522607
gexp_f30,1.0910092514769585,0.56119106942688779,-1.3227595447079941,1.5029751911986502,-1.3163910374102461,1.1730204884640623,-1.1954552972343584,1.319148957830466,-0.35279671816672309,-0.025890691733110555,-0.20804494791872674,-2.1873013559398053,0.96035432615243177,-0.82094518334523559,0.18214546087693315,-0.17504267296530296,-2.1615778851790584,-0.25381890403985208,-0.61928467286320266,-0.34026845819603269,-0.2755639552938739,-2.1312128635625647,1.5484356424229124,0.82465612631508523,0.065474635030451533,-0.28529705128755084,-1.2393982405707731,-1.0525786792174301,1.188239255660537,0.6765143519657475,-0.015791791139499814,-0.15821829867418299,1.2028168728404021,0.68106072098218273,1.4975572353464206,0.8555172590178326,-0.64109966420818643,0.99225973985126814,-0.80046999147434617,0.26484934304040664,-0.057189586080632418,0.59195173324503358,0.45242957853032345,-1.1295841778855511,-0.79682032383232582,-0.074876304233154278,-1.1190365351828984,-1.7820275578890492,0.40034875578087981,0.64953597745155034,1.0364046928277086,-0.24910535647607632,0.025947617874761041,0.18799859624669207,-1.32799882146148,-0.65506998169003949,0.87777239887766523,0.10452069716622443,0.48334837320509083,0.8550751587704617
gexp_f31,0.22829096028851137,1.5947486551682464,-0.62832564452399808,2.6631224124691877,-0.63106628900129114,0.78014671117544598,1.9669092447986603,0.21173787287638368,-1.963625317834877,1.0332086080862983,0.52435251868944099,-1.1481337705713179,0.09470394535287005,2.4109930435153126,-1.9741634012397282,-0.39593218268464742,-0.32855274431023762,-0.78959826323345639,-0.59256781842278106,-0.63810897621366136,0.26265896185183657,0.36024993143536321,1.1864399067221303,1.2792391212273493,0.92084938720616616,-2.5685218077030725,-0.72769537049067023,0.35062531936924923,-0.52464960500861924,0.42025281985567897,-0.32534724898362011,-2.3675018807149293,1.9021436648137213,0.49438782132711084,-0.68549250538065576,-0.11166134642153616,1.2369815946540386,0.5580688689711808,-0.21907132394273418,0.80352137666973333,0.64048294835089825,-1.1716023509887652,-1.1418711070600285,-0.28659951795846822,1.6134749527808869,-0.037108204568361301,0.30663810290856441,1.6605772427786771,-0.94867002127784927,0.9759033361280105,-0.81260120112162193,0.94352928168335082,-0.066416418152699344,1.2271757094279263,1.7153199183513101,0.62774200671705627,-2.5121465530371831,-1.5843256467643048,-0.12115586991401736,1.03406170791205
gexp_f32,-1.9903144732719862,0.59505745160637025,-2.1604197321166732,1.2780522425506176,1.3163992088227938,0.77716076665171918,-0.077469601504535177,-0.013609990950961982,-0.83961074472217045,-0.65511149749409603,0.43073160404164423,0.75676784658640561,-0.47190838662757878,0.41477195645143872,-0.43827647873068004,-0.02395714542817123,0.42356822730188021,-0.19506105627256856,-0.8652114131124905,-0.043936634658653259,1.6533170372795052,1.1028466800806438,0.23779315648227387,0.056080539912293878,-1.8550461129213907,-1.3883021951836534,0.076963913589700367,-0.15497901547051385,-0.8395504156926159,-0.52639036928939931,-0.28712850982280769,1.1272052221666407,0.99698661898322494,-0.063311375417517524,0.36730393601955652,-0.82722589384248424,-0.19090395944028704,-0.0057293254678844529,-0.2984372553225203,-0.71348807925583513,2.0532764049244956,1.6024310029738886,-0.21000388704803988,0.05020876493771876,0.38451035452230259,0.50483247091557759,1.1393320982772082,-0.72265472085055604,0.57833758002746005,-1.9511760027306169,0.91380435575675334,0.24193889388325565,0.36355769221633816,-0.070443572258652554,0.1649438452727324,-0.41635318049865977,1.1405045889490819,1.1814468696177611,-1.1470412250827899,0.16912159568125493
gexp_f33,-1.9067129722038147,1.0602174032522338,-1.5003411615736375,1.3798719597202134,0.72485885320795507,-0.21122953227280536,-0.055964387362098238,-1.5206946966003683,2.2708900744349356,-1.0758531003570042,-0.82845039309303492,0.64460552005337135,-1.0613013050816107,-0.51948672066971135,0.46491064856980152,0.62776637759736653,0.94322580622098295,1.2806125937132924,0.11377401727705,1.0685816272180275,0.61193470798580007,0.085867631226674984,-0.35495042230791979,-0.12036737461671571,0.84710491971754731,0.49059160986006561,-1.0535617770502355,0.13451584613380296,-0.43351489574239077,-0.457357656630689,-0.012072495298137991,1.5787483868187349,-0.0095755557038076609,-0.18215400728820358,1.0752769250242731,0.60161498707145711,0.019073505240820899,-0.12283779904130453,-0.56660311610479697,-0.80557296793042177,-0.067274052634150414,-2.1884376850455944,-0.1277891684590037,-1.4777862217264381,-0.38695693994947344,0.47231817388830455,0.20012245425885855,0.22104394209926331,0.032112047033304926,-0.33225039359725894,-0.64660118732476246,-0.39855603733406392,-0.84097717745366019,2.3098275587790105,1.2935391159914502,-0.44366624671850147,-0.072343254363940457,0.099945675606241235,-0.011034532249150165,-0.54720437475311423
gexp_f34,-1.7414650370680682,1.1428528528972457,-0.42025092654272872,-0.60100310815413227,0.77346075869865483,0.74060869354228653,-0.12598738610126989,-0.2044259061044984,-0.14726130029555098,0.83221014643716784,-1.0037012023891809,-0.77026425175003377,0.044806302135916687,0.1924851612989173,-1.7838885389799806,0.3932124585972922,-0.64353235575460577,0.28271529941617679,0.33816214826503616,2.0527281589264783,1.2584274720619275,0.17060169528105751,0.97670565747897242,-0.92854349196412744,-1.2115408514598189,1.3770620598508749,-1.7172659698020412,0.66778758325104681,0.4060589874172057,1.2962109862389581,0.77435167169756813,-0.70106730263427475,1.4243762976052299,0.38101458875318805,-0.10613219771542159,-2.6323857710217533,-0.17304616157671268,-1.0546921875544299,-1.605659954022651,0.11422029107392746,-0.59371735346450882,0.68807499947723927,0.40620846694833879,-1.58300685007259,0.75964633412120575,1.181920544846341,0.73065973371287929,0.18996088444969411,-0.16503358406510182,0.39055206124470154,-2.2435132588940125,3.1999056705822606,1.5855532244774975,2.5583656411793845,-1.8556184255364392,1.3214870880867813,1.1305810365210291,-0.27223477147224651,-0.51495942496263802,-1.9605757805627013
gexp_f35,1.5050389257517975,1.3918652327360796,-2.4610303693232081,-0.13624371328792259,-1.3338790398224436,-0.96580586046074091,-1.3615541573856662,-2.3499949073655495,0.98410836243082056,1.4752982389583404,0.24985789242102222,0.55034183269298786,1.4822275862149981,0.41129354255145756,0.52843379271817159,-2.0608988980659229,0.49141887301640663,-1.2278029594008764,0.61752679850199466,1.7951995148676534,0.37481939858484781,1.107089290259466,-0.16550233329786496,-0.2375487080895787,0.47216085006902986,-0.83830441173389059,0.73814001814340702,-1.8197679281424017,-0.68622218623256293,-1.3400789116121701,0.010054089897198614,-0.27833187655383451,1.5035282311366451,0.84469964911158424,1.2342577010242883,-0.19061152510163326,0.16035059883034583,0.88069088488340663,-0.75352225043395438,-0.30615454840341261,-1.1721347181360982,-0.36919525566699557,0.58980619811004631,0.69682279382985546,1.2044835155875573,-0.10687758181211081,0.32247781514229912,3.4405671568776452,-0.80730245566357628,-0.072824185945575604,-0.074217018359719653,-0.018389839281306473,-1.2628492316392599,0.12819549357907434,0.98081646513645959,-0.90083620293403599,0.20150149540642032,-1.1071679083418373,-0.63226766540649371,-0.61691871364429618
gexp_f36,0.3615761130399579,-0.21477944714197336,0.84101580145891819,-0.0070376037290268128,-0.86102069429421513,-1.9449993144452931,1.4818203203815488,0.04425487714742455,-0.25072871953052706,1.1160928306724325,0.12594311909228934,-1.086864148960041,0.85161768021560424,-0.30366774337027924,-0.31385732661955784,-0.18991090883136463,-0.073754062590345892,1.2161274639381594,-0.80535029338776787,-1.0337218954565648,2.5065266463350069,0.99936131485796942,0.1519142822124,-0.11808464079010948,0.3388735115538492,-0.78395918926048158,-0.77823014807361768,0.46169973685269361,1.5018337441901131,-0.44528591199551371,1.4218317456818934,-0.75375265535088543,-1.33825996625868,-1.0114787345327114,0.48094143902196812,0.97963941726950421,-1.2778227168832554,0.56172338951919754,-0.93366259798108031,-1.1412807992275502,-0.24374434105005571,0.38225687481967552,0.49985697932766654,0.44566515046657035,0.17747817650478825,1.032500467157065,0.79303873209644438,-0.11023416143749096,0.30368009065758111,1.0095524126737623,-0.96970493477768493,-0.76349023814094119,0.051551315133922165,0.01533738260924104,-1.5271121047964842,-2.8593510497191228,0.31512363710554764,-1.120112948603325,-0.61274058131599374,0.72379441707027647
gexp_f37,0.069441188022810463,-0.6750513677730654,0.15717403635922481,-1.4551365881790643,0.48733991480098726,0.427506281624353,-2.4398418851790344,0.89941516786573394,-0.57279047435126118,-0.27111372797894578,-1.2099792792200543,-1.3461274146150533,1.7512479138098924,-0.40490497911230611,0.34966280114191839,-1.792829366196611,-0.87288515642294717,-1.0414308717550202,-0.28953912700792145,0.21672859785066129,0.82640230969779316,1.1296787284222474,-0.73692410840702172,0.045819090306909484,-0.068824984170904921,-0.33743631253055401,-0.49812584817762473,1.4770682251583676,0.35269562932552018,-0.17593392738566382,-1.5818069161232577,-0.0436169626458607,0.86105213114852308,0.3108405668612314,-1.2373958903272135,0.57637606135570074,0.8639968670224647,0.29329812804188526,-0.59145742555354808,-0.75752243984097711,0.50134554133459552,-2.6785467100895741,-0.13051799117175855,-2.033510308704531,-0.20185743677871446,-1.1290133513694451,0.97387522080113509,-1.991153120719604,-0.21738637655689264,-0.72185022882292726,0.85139905328634069,1.3542520717161346,-0.43901041215435405,0.24369901754996934,-0.97816846474958796,-0.34247889951549748,0.59793602941700474,1.1126063468574408,-0.098737238509667508,-0.048901178994604673
gexp_f38,1.8751340487107735,-1.1775562757723368,-0.54005321844733545,-1.067803832838766,0.21027179412365371,0.074038288100227195,0.42131907825010934,-0.25109249654478033,0.51155907731906869,0.80880751888842917,0.4018717644810415,-0.37431220319396175,-0.33349090710848428,-0.77620434110918257,0.2503313439744978,0.48806555818703379,-0.48793966620696105,-0.44978021503367155,1.8905199736600613,-0.70649671609613152,-1.2094056554306927,0.46513816884246656,-1.0209423608264332,-0.16877569828244732,0.69422030742437424,1.7262983648483354,-0.52575650171024568,0.27040293613709004,-0.19882676670369381,0.24907342313285599,0.14219092191140328,-1.9705287168946999,0.98495913595356044,0.78569264987067644,1.6614125319176587,-1.4656714753389835,0.55834816226541994,0.73861750212893007,-0.50688501559721533,0.37587662175612824,0.80757181879364848,0.44890578875459225,-0.022464735817770282,0.77952407859972661,1.7399632584206077,-0.55393562198391666,-0.7925173006232531,1.6955186234662929,1.1227435597904556,-0.7699585057269418,0.66301601777539676,1.2435263776789356,0.83916305835711025,-0.35832484865200237,0.97171306319428497,0.066700991118638309,-0.92282294604917114,-0.70122387771853401,-0.96470359532987171,-0.35751932291311311
gexp_f39,-1.041648383754362,-0.76063934328242855,-0.096493528197158673,0.39857573911159039,-1.0870660689574301,0.44767478657017257,0.025183134503604852,0.48497964925498083,-1.8447849499859112,-1.4178910123896216,-2.4407303308417831,0.48070837246851661,-0.60369503459899032,1.1923809426453156,0.47206930764002336,0.68095690730030645,0.62418167706195848,-1.0647256293845928,-0.038604049496102286,-0.6452290249027528,0.77485103045837245,0.52727618835849488,0.93735451614993059,-1.8718938746162945,1.0138213508412062,0.24175630759636965,0.76387838019316034,-1.8721369912586576,2.3465635655435388,-0.40352354716941069,-1.2913798669286602,-0.26455105779456883,0.35623146397445032,1.1014573360356523,-0.064969218392944977,-0.33012942312135557,-1.6512763412215836,-0.46343635399562355,0.54323697644928837,1.3572241344609659,-0.16043908869502502,-0.78582053279159891,-1.6950272199937286,-0.35144678867538609,0.17142823361417389,2.8116137265695236,0.19046959704664179,-0.31084795116660363,0.17304625165595422,0.68433739928996207,-0.51518345521143116,0.97346615915368695,0.38963857916487621,-1.3175202132819477,-1.6215259081981592,0.021072489928416416,0.07853361319036968,1.4241285429038493,0.69897303221971629,1.6863886211534733
