,P2-000,P2-001,P2-002,P2-003,P2-004,P2-005,P2-006,P2-007,P2-008,P2-009,P2-010,P2-011,P2-012,P2-013,P2-014,P2-015,P2-016,P2-017,P2-018,P2-019,P2-020,P2-021,P2-022,P2-023,P2-024
gexp_f0,-0.22963948508861837,0.84062022237024436,-0.16882095938949929,-0.80379060961299353,-1.4582401774862954,-0.3118053810732514,-0.38111576265007319,-1.4500755009470052,-1.4600657855732295,0.33031555302760351,1.0559782480333975,1.9929283940900069,0.89462724681278927,0.68593639193135247,-0.015790561208556105,-0.62930191530072122,0.63878830015044619,0.30477332701149962,-1.7930379578229905,0.92391768948961661,0.78068144106101112,0.5066568585663096,0.43583484067753675,-0.07379841013863031,1.6259801608990792
gexp_f1,-1.3334547871223941,0.6315064649596891,-0.093707394264280805,0.0065723101121923956,0.28230858569089717,-0.17865768682272001,-1.3844134109667929,0.28520539487235241,-0.3267066958468402,0.041157462142855136,0.65173880893902791,1.1145626481982838,-0.33209390844949532,1.9211904869253242,1.6958273531802373,1.7498502244168688,0.97613553159198962,0.30155518946529497,1.1046941356912743,-0.417793580610825,-0.13225072126519155,0.71715815060783006,0.38597538314986107,-0.78226405674498478,1.3871171142345617
gexp_f2,-0.041564016990467474,-0.12563523608198557,0.093133274207814934,1.7824483843291827,-0.46230534962974607,0.95298086059671383,0.10130526461830799,-1.4793130340458858,-0.29706221121616738,-0.54470983150339669,0.68494651816412722,-1.422317145846014,2.9443033132453116,-0.17531823620518805,0.59203910802099957,0.73975089076918754,-1.0205082106887786,1.4025186608161884,-0.64222461488937987,0.90385119887686471,0.81686886049258201,-2.1436678757926546,-1.063093140674777,0.70898803799103971,0.62822777578482591
gexp_f3,-0.44950502610384607,0.16436778270602406,0.041872954696619384,0.88288858015372329,0.22707308928602815,0.05021990916425606,1.8020321584166705,0.42268982570396757,1.7888904308530977,0.016054178716426899,0.13244640560246135,-0.10914071212080134,-0.13790660017786582,-0.4051324117948471,-0.70697280564008647,0.29931682543960608,0.73284120798868102,1.8520163599601722,-0.95652910045075012,1.3755353139279334,-0.017425649962767877,-1.0552440157257761,-0.36591040335623953,-1.4623282869194059,-0.46417676900923904
gexp_f4,-0.17004881550195156,-0.30826617962062702,0.014830846633432662,0.59860965976332059,1.446055547565076,-0.46007303347773276,1.8268751443009277,0.63524214455632644,0.39370981919239428,-0.18002048293177011,0.88228354980732271,0.40092056647392793,1.9789514817014853,-0.68292548006376952,-1.9547287393018158,0.90915821756354953,0.71689759369693773,-1.3323979568434692,0.057183817118512142,0.91285293879595519,0.95130940914899831,1.239541579937613,0.08804309438733357,0.37379698568445424,1.8937124431724606
gexp_f5,-1.3445488470035896,-0.69373926329950619,0.17889421009776202,-3.1010187043778648,-0.66484753179455802,0.17954700659747067,1.2733388761027709,0.5588903563645754,-0.24344233149876163,-0.87384612873902912,1.0276176652959688,0.055585223200476888,-0.64563045449890577,-0.36385257083820455,0.82993011647446502,0.82622433763293746,-0.23702504057572019,-0.90605561519063249,-2.6622998830674813,1.3094733634994971,-0.72964848272444882,0.58968740446289125,2.0752843237438063,1.6753648970271247,-0.14206662469079639
gexp_f6,1.2708985581942527,-0.51684440155299738,0.81503748446767244,-1.017722549929704,-0.32920751252649294,-0.33267445051390743,0.31550760276933093,1.9377517123481176,-0.63032271091487824,1.2113822507141021,-1.1903378009073491,-1.1329094536744098,0.57169887125715058,-0.61565113421927997,-0.9549314089885691,0.52377926746919312,0.50564174495265957,1.2792319300963952,1.1094611724834087,0.72110659972562363,-0.31787525347552659,-2.1916801578614566,1.6203849190581345,-0.34248202075258055,-1.3713166050265189
gexp_f7,-1.3394092772766257,0.57599495737505357,-0.088267752637616534,1.62007103700077,0.2566213939564671,1.7398180798724154,-0.6413887848008305,1.430536147959975,0.23708635472693951,-0.042257476757605827,0.80618705474913488,-0.11234904971515827,0.41493407528187431,0.72672494880909133,-0.58489061241781148,-0.35627692577679521,0.73115460815014743,0.92687974936446904,0.29239390028995854,0.035935585204064292,0.26573220913983769,-0.88981754976548288,-0.65341215159368182,-0.50572871780727868,-0.0024697930581546478
gexp_f8,-2.0119546592573605,-1.3675068059232371,0.64930982650591795,1.22048656602774,-0.82888381897187458,-0.16303182309813297,0.69029763614193462,1.6750243404114924,-0.17811770532744789,-0.8112614876628288,-0.81787903355983593,1.4000031383247076,0.73329524288058545,0.082111366821068635,0.2373507494568835,-0.9346403280190777,2.4698127353608568,1.0997648150538335,-0.15286457219341176,-0.82669101732431449,-1.0426654246447709,-0.66279175937929857,0.81043948183719994,0.32213899447907457,-1.9721402455371269
gexp_f9,0.41868837807403492,0.91198206054734043,-0.073712416577430634,-0.65199860814585786,0.37409197672428335,-0.62350808299670846,-0.38933886939822537,0.42436138205631535,-1.4139755894623671,1.0503553479621235,0.82175689077210401,0.20307291929873381,0.17585255896659821,-0.56685418491320771,-1.2333985483467529,-0.9960533692393273,-0.6465714931485772,0.20103405556277881,-0.3035360324971671,0.32392769521004705,0.9235056826157283,-0.5518492809117117,0.98328111098246462,0.27436851591245326,0.41604196069382099
gexp_f10,-1.2469623540343497,0.48927405221640186,0.79569997556424854,0.28189122733428451,-0.16325853593970394,-0.67911287870822923,-1.5521460196234842,0.86560840483433865,0.035820514910783113,-0.67690643961745156,-0.27048751194610343,-0.13219649923719143,1.4952963641555059,-1.212138042486224,0.92755449966719217,-0.1468013059465352,1.2126857484673286,0.29421751383681877,1.112003279139081,0.017036597999327097,-0.46692137036729264,1.1620480377411131,0.96170005855773133,-0.59290398790936949,0.77809221841074816
gexp_f11,1.0320475905743614,0.49085370369119313,-1.8479382805646143,0.30150258185202494,0.49003580451181245,-0.11116490608174821,1.3103294326071435,0.60020987818553928,-0.50772343549695764,-0.00064024137165071264,0.41202058996122781,-0.67034920294143197,-0.48820705237468304,-0.59777072421857236,0.96839980127487379,-1.2898197130115809,0.77640627348776425,-1.0557972069289596,-0.32814743328519219,0.83413109899883264,0.38250652527732515,-1.3134988129397247,-0.80591466933169886,-0.59281228046570111,0.97493062015319032
gexp_f12,-0.40732782767300296,-0.61047626990477966,1.3525050203701583,-0.10779996797909958,-0.57090217805961097,0.26740974868408429,-0.58972663192581998,-0.73829795771004181,-1.2195674106491441,-0.18255913680914229,-0.77657627443450661,-0.23267209524564181,-0.35498348780813582,0.95635264002105336,1.0492819071623725,-0.94786062933108206,-0.87906008810283387,0.22543155450285288,-1.9845614438145438,-0.081266239247528141,-1.3077675467292265,-0.096345158657988275,-0.23002355410492492,-0.71055725411850956,-0.52699783002727285
gexp_f13,-0.097684073304210292,0.52729850519907928,-0.19538811495369177,1.73856164204792,0.065810430882601259,-1.7996201708549642,-1.0960682232128498,-0.11225345168744857,-0.3957550226169767,-0.34201769616382871,-1.1647329037292455,0.94045063411298291,0.24844502365521143,0.50018865108393817,-1.3674479679666613,-2.2333678655900955,-0.15110026536460319,0.94740501426924772,-1.139432428998421,-1.0152632096634051,0.5159505475231968,1.4693684031405465,1.0394506940541053,1.6328769608359206,0.82168291175077002
gexp_f14,0.74569865422245118,-0.18343501160387785,0.278306614115646,1.664335583818723,-0.50202317916007566,0.48210251094467649,1.219620853583953,0.22542173838136015,-0.42700141155769861,0.30807878087825774,-0.79271873536441806,0.056039982961662287,1.6436448492401974,-0.32942830363239067,0.51985649375459564,-0.1210189663186763,-0.041277709515668976,-0.35339897272979792,1.8138484900158962,0.051026377356090974,0.31832194711220346,0.46511875585862694,0.095147494471482477,0.20152996402470863,-1.4291682002516117
gexp_f15,-1.282349017683613,0.55066099142621783,-0.23095534183163385,-1.6050582322690183,0.48458087081175305,-0.92270892685604966,-0.84764962398722965,-0.40313411117658826,-0.53382923326517528,-1.0951500563307937,0.59944784005246943,-0.33863253664307447,0.24592680731882322,-1.4197467471393845,0.51517609446699186,0.65986448666026465,-2.2309871874037155,-1.4926390445533697,0.63440374278004985,0.096783070228090712,1.1892572355100028,-0.56339521959220984,1.1976599386271192,-0.89340418303422042,0.14878172417225363
gexp_f16,0.60073655597150299,0.63645238260841119,0.91451287810589144,-0.15762717799612053,0.018180002912129175,-0.24120145433722845,-0.44721799598966128,0.53103945164525079,1.5256421811164309,1.0271590467684837,0.94769228922003135,-0.84936630733841068,1.1849394748988187,0.89551570361872179,-1.0762600426924724,-1.194037113553083,0.34377678642405229,-0.085994477198729963,-0.42401930644806191,-1.7642166738175489,-0.33210695603511259,-0.69141654808756503,-1.7009296792926654,-0.62480108765614373,-1.227038432922871
gexp_f17,2.2171069035302953,-0.010294719993444291,0.30167945923434203,1.5640792291352543,-0.73997017116890318,0.35343193451416222,0.053101710450057314,0.34497778714870797,-1.8772833026454998,-0.47277313396929782,0.76108481185168342,0.20731801854996751,-1.2995480541460507,-0.93187182780598321,0.32816574776829138,-1.2763196748326513,0.31413193608122758,1.1816191239032012,1.1533854254751812,2.9447272912321942,-0.10225017864691206,-0.33694229891877658,0.85444843907708246,-1.1038920446164162,-0.056488086812273783
gexp_f18,-0.080395327014722504,1.4567822342595089,-0.53198242016610131,2.108743577894221,-0.069874808548452225,-0.80973748583606209,1.2874565294576168,-0.60775438966934581,1.129273054006076,-0.8762495360591398,-0.5620737964952619,-0.31177960346819356,-0.81447614812883673,0.11446859827388667,-0.97813302201147168,0.52436507587656578,-0.077671526632548157,0.91088293822852495,3.04909003984949,-2.146111658071828,-0.39602962457493346,-0.31145185103097889,-0.29593394401197098,0.82794555085985833,1.2725780968944149
gexp_f19,-0.76675893824668284,-2.1525404054987822,-0.41704197620070727,0.30520197521892189,0.80177135006977951,-0.43768390774980981,0.040777727861921562,0.27145766267317734,0.45680495755122991,0.4847582184324179,-0.5557876226241204,-0.66765174984592879,-0.55318724585926959,-0.20648664534809652,-0.25435404242702414,-0.29505235771684768,-0.34349829882566946,-1.8567721295604946,-1.3078165096217877,2.4224000468474811,0.34966312093094321,0.41172352209936552,1.3816400771620005,1.506621152538449,1.5308068019435113
gexp_f20,-0.91174143056299484,-0.76640133975514402,-1.4473573684221266,-0.39093101571890693,-0.082605047012438093,-0.63565542170426081,1.5816171795273504,0.47148610132294838,1.8183769794734828,0.79416381781802292,-1.5820841015640497,-2.5097278714526565,0.52358706880278905,0.35220888818585694,-0.44910915381036137,0.20741610109771261,-0.079031025458589685,0.83120372331372772,-0.61252888148159446,-0.22201480339130875,0.11669246722889141,-1.034130943622978,-0.47496838213329717,-0.35247100277592275,-1.295233090296845
gexp_f21,0.23894348192532314,-1.730625441188401,0.84505165930390258,0.80777371500126871,-0.67173235514242047,1.4177613991949336,-1.2451558272179011,0.31090556536330227,1.5303939571741569,0.59670996286558409,-0.0088735997960971182,-0.86248823639774785,0.12489203787391935,-0.12071553469478404,0.54656507045231051,0.78623590255265474,-1.1225520487553624,0.89269939171995993,0.9170825086250719,-0.2972922491768511,1.3506551388220769,0.49285999459746743,-0.95833810629578231,0.88204701339770841,-0.30912927758550185
gexp_f22,1.1600103290149717,-0.89846023491856564,-0.85685757805710627,0.2781266916712864,2.6872578470469675,-1.6322948092002889,-1.1459860063231344,0.2373481913489818,0.097654938748256856,-0.026066393793270672,-0.36429637666696346,-1.9149533573069781,1.7914267058220359,0.71323751512008282,-1.6572298225063991,1.1980374511982552,1.0461630015812657,1.5894525113351892,-0.75216492769031429,-0.19310190979996641,-0.89533507100852827,-0.84138209501563554,-1.1685264465740794,-0.21012428660637208,-0.17535020912547569
gexp_f23,-0.65153041479749363,-1.8810972679837277,-0.25136484394990738,0.99335783165457958,0.39293717039155374,-1.9367186105962984,0.37255675499320434,-0.91678789248374049,0.76589977012777222,-0.064574592934838304,1.2891664473849043,-1.7675984411952812,0.6264724041554709,0.85017830127752836,0.42741506969165777,-0.53985677591197112,0.87145912291983851,0.97542074154798308,-0.090615964532660409,0.16339272723615964,-0.31439468961428518,-0.53048845961816038,0.056651490816788316,0.18893546523944055,0.61315042897449834
gexp_f24,-1.6018998707282108,1.3526819548021181,-0.43278237716750451,1.061004286529543,-0.61503530104373327,-1.2320535683662535,-0.62367628645653583,0.46023032552777837,-0.20128703068898951,-0.7337172739535136,0.034002560672721262,-1.108272653625473,0.47519439146720915,0.63840075758108694,-0.72431439513842322,0.39356034126160505,-2.8035640940243312,-0.46683315429187427,-0.85691598204413699,0.30602858366497238,-0.1685483473041845,-0.2126782636099791,-0.11581637769684922,0.40333573623969976,-0.44555576738300279
gexp_f25,-0.72947670227119221,-0.4401226624337336,0.87651848273132493,-0.071069854588464154,0.6830125828614777,-0.48291327799211781,0.54591914831127786,0.25650352520790132,-1.4193200031540112,0.2442605671925524,0.053516156926767963,1.3996297029745337,-0.21885156890452742,-0.68356953394369635,-1.943100551316747,-0.26794534675454501,0.099273591887496251,1.4921841211200293,-0.48566497602874348,-2.7696800448076346,-1.2188971078233641,-0.92456175638259064,0.73919571544645446,-1.2180989973505616,0.43931808988896814
gexp_f26,-0.079794269542251675,-0.47292088777110591,-0.17683478912808628,0.13322335112297198,-0.23829499544889307,-0.44184182590931359,-1.2975764093315874,1.1221473613606119,-0.26777801556956288,-0.99491412251842015,0.19463753479525236,0.22199988435633275,-0.60255344516240017,-0.3789034794177818,1.6064778662326771,-1.7711555178795819,0.011624193544345875,-0.46132949572777054,0.74532501859440869,1.3952001004997301,-0.58813765888984182,2.2899849894741937,-0.68319252083639981,0.3951902356414782,-1.6980811806380656
gexp_f27,-0.94057345725771246,2.4940102791034637,1.6194950261477585,-1.4741685769581674,-1.1015601036471687,-1.0348062969395166,2.3161998533574026,0.89564142540435832,-0.35687508151964958,-0.34102776912229443,0.80121771298259326,1.45891025743106,-0.097420920195014873,0.92600335138337431,0.08526060214057915,0.63987600465886685,-1.0213940516177777,-1.6062332772572336,-1.6498498987740984,-0.88588565780558415,0.042054538251171371,0.45974740703330153,-1.391327072824371,1.0365474143496836,-0.97005160534137536
gexp_f28,-0.32271764012027249,-0.27550554647964348,-2.1438516197337734,0.021242747970721912,-0.1805295303158051,-0.57645758951317094,-0.67158416237808627,-0.79160193588400496,0.93077564354899578,-0.58569906422176188,1.0092631128731469,0.73799087233423455,0.15966073899344158,-0.59804659286554629,-0.53399123841328333,-0.56547881765053176,0.64866742121578924,0.072078896921020735,1.5105621115667931,0.61696326086768938,-0.83989961107048705,0.70662573375749682,-1.2540697133011622,0.16765551476684229,-0.99647195119850496
gexp_f29,0.025644210115857328,-0.49568539366840864,-2.2142920053289865,-1.6450499424039347,0.66374716637775955,1.757243220037537,0.73002440771684851,-0.30435691617669702,0.84027480954091882,0.67539006698697479,-0.55924117015494712,1.044549648355297,-1.2302149008479426,1.0403254099129904,-0.029464184501267567,-0.48829706719038185,-0.64351346382295349,0.40597350727811488,-1.7029079926485915,0.62222544141458713,-1.8514954743674377,0.54447509548992246,-0.26175236630335541,0.99334449705835837,0.093829315466731011
gexp_f30,-0.75686367143320665,-0.92030386738687464,2.4561188469745971,-0.66943145039922414,-0.92324986091177408,0.30773567207682712,-1.4153978253573749,-0.44145674355082826,0.49123437094510791,0.24430150659436725,0.24498459303661493,0.54572539007244825,-0.32067135645392714,-0.49427761184299701,-1.7593974405397832,0.303968510610791,0.5354281527042043,2.0910691381950222,-1.7018473874180291,1.2146700507085713,0.53643710574461734,-1.39574884689787,0.69396797595584692,2.0930999065106088,1.0936590935155011
gexp_f31,-1.8159835607217922,0.052881953057636592,0.73667029977814436,0.84583534869351185,0.41498121036319863,-0.86894815486893184,1.083430311778075,0.91644350735440272,-0.55864424028022697,1.3835562683108256,-0.89924336731927379,-0.82416208540217661,-0.23324092692582771,0.30702439729183706,-1.1057396895739553,0.77184651765107359,-1.5534346519751208,-0.21347821015301457,-0.8751861675059488,0.6806738992550595,-0.071120323055453044,1.2897449457132562,-1.1627846247098537,1.5000945149780247,-0.56745929699469111
gexp_f32,0.2309957225198192,0.2524500403856354,0.2091273899438065,-0.76077801212110108,-0.40596501989376449,-1.445963232269637,1.9387169233532127,-0.16134479618106995,-0.29989217027699755,-1.231560099417359,-0.20216107120650595,0.81153072932765535,1.6607430493843263,-0.14578964315708304,-1.3424545872197999,1.0546795280671224,-1.9462642238378882,-1.2200885343072643,0.44137150609401476,-0.16087089018914053,1.5002674961477653,-1.0018024915064849,-0.67338775275406215,-2.6206725598947336,-0.56685977741092419
gexp_f33,1.020990498223934,1.9420670498277797,0.34366780946623332,-0.46202412313183999,1.4854635080247354,-0.62251261578518502,2.2432068190151386,0.043004546233813737,0.88642433309099389,0.95494047623937472,-0.61932803331615471,2.1929501307834571,0.70557226176261656,0.15829058709634566,-1.1171921358743573,-0.69340259431653939,-0.35329817388217311,-0.47510974358280178,-1.5897792453897732,0.28377724126758369,1.8424853296842412,1.3161511087083373,-0.28588508639263843,-1.3598765177046399,0.70045198864053415
gexp_f34,3.2777303859896496,0.47786621186024397,-0.57796233356589422,-1.2072217713063644,-0.32318338582002959,1.3911738402451903,-1.2701839402495825,0.48141146730957024,1.0332397235977095,-0.50954327860522775,1.0553252070915431,-0.46892534139694125,1.0792945168301165,-1.2853718846683719,1.6594613197784207,0.91476759408240504,-2.3000057870321111,-0.065498863193271167,1.0001734649903558,0.61962476067323513,-1.2775270293828762,-0.50047325999731984,-0.40898185951631533,-0.4271850956190491,0.89124020892526457
gexp_f35,0.020415828555816834,0.35926846843303606,-1.242563574710678,2.1649489713977119,0.61233344695306879,0.80000264897616558,-0.53807988822899289,-0.021385938258329823,0.72803208801226194,1.6154742227689616,-1.5849150424117087,-0.66727539769021937,0.42283960432310574,1.223754641792163,-2.0907798713890027,0.23480455799608788,1.1392573513019064,-0.8382344578797043,-0.45515454204134465,0.96832368404856139,0.87670600673470855,-0.41921524734300336,-2.2487804467770207,0.36150408059848654,0.46586105613190593
gexp_f36,-0.36093028741905003,0.76567720190185207,-0.38810688743841126,0.93093531273117658,-0.195014147921969,-0.78624455949818373,0.96207532601016033,-0.082995007423494499,-0.74352617067057558,-0.34352782185439501,-1.313085455992373,1.5420480656447766,0.57690293766499523,0.40344192192812717,0.46283847056922517,-2.3730302167077335,0.39255053627071446,0.16513491202386693,0.071271796767156892,0.31968432187107876,-0.16561140688757722,-0.43075815732512812,-1.7177356309276872,1.5423936448958084,0.53971992759724552
gexp_f37,-0.064887718511435558,0.29754866687138948,0.78904211175381711,-1.000047711519827,-0.27808065309084495,-0.71070355286048614,-0.35618979365770759,1.6677695911709407,0.50304162406355157,-0.082628666045798743,1.7657242982003434,0.33235307147757076,-0.58237432568811265,-1.2996904276685357,0.005292105908204189,0.040188096381799626,0.1254254370794804,0.076719138440175541,-2.1318968513394299,0.42401204392016856,0.27171528661647915,-0.58743847844752251,1.222251228350645,1.3013760845141737,0.76557281502691921
gexp_f38,-0.32880579240906116,0.62842579886521965,0.26807019549190669,-1.6885175833668136,-0.7006427687619472,-0.94830759543959464,0.51837272930692058,-0.71769166296438913,-1.3704913729991035,-0.005760865062075164,-0.78281270526907554,-0.84425640322011497,-1.826030778102123,-1.0226828391591321,0.22422721483155605,0.39599122250704494,-0.0761713237525036,-0.31610431944195583,1.1659171240172865,-0.43247170496034093,-1.8863918967164774,-1.6040678632390424,0.4337289126501287,1.9266525662175016,-0.39894059769570994
gexp_f39,1.334891257164923,-0.6429382628668604,1.1511814347750433,0.46791287829020134,-0.022903235553846477,-1.0446682746676363,0.33391247915769368,0.5662304571913771,-0.17152772882605666,0.038893429022143905,0.4548483660583027,-0.25889289964327389,-0.95771471632113014,-1.025362554949812,-0.012936770200445492,-0.12900433215980919,-2.3690899235590264,0.40683832715653256,-0.17123414265957287,-0.16721957207561677,0.2528198460031959,-1.0441794989314572,1.967858882358589,-0.81015679993629419,0.39649023200086131
