,S000,S001,S002,S003,S004,S005,S006,S007,S008,S009,S010,S011,S012,S013,S014,S015,S016,S017,S018,S019,S020,S021,S022,S023,S024,S025,S026,S027,S028,S029,S030,S031,S032,S033,S034,S035,S036,S037,S038,S039,S040,S041,S042,S043,S044,S045,S046,S047,S048,S049
meth_f0,-0.92284218054084166,-0.95004833494747543,1.9102284815400963,1.8779244077958077,-0.29540486750768885,0.74456931326849463,0.33839196436899449,0.20234335214766216,0.17334546653622088,2.8518327716248129,0.90775617003016218,-2.191507823151869,0.095519381111066129,0.013077976571573986,0.78760193453311178,0.69751787087309258,1.5097529752140961,-0.3563984940320829,-0.74137784292788578,-0.27972002103540095,0.2261663666886517,0.231298516978555,1.1726356546137278,1.0662503434298913,1.2938278588016221,1.0545419015162707,0.77922734487370604,0.59960100078394873,0.38707124149929178,1.0675387270690995,0.66126914960496697,-0.25894460397978591,0.15148865836157036,-0.93646016359317208,0.53613050991789435,0.9649557935928702,1.8794291013795139,0.97980711917864383,-0.085568424355870101,-0.3231748727724546,1.2585360990772489,0.36313779712181127,-0.15622118202775542,-0.23112466258253236,0.13685265092968754,1.6179400259173529,0.30773033629345675,0.90669930738651283,-0.78668083116109577,0.79683722813788405
meth_f1,-0.64490899997829665,-1.6639569312798537,1.0299575189955381,2.0928879749230145,0.23676165655380987,-1.6699300566051394,-0.022513969166555126,-1.8002644596765989,-1.3038618876725871,-1.0749944716714439,-0.49144154719002797,-0.80746614741007461,0.95431021723576548,-1.1245884309819458,0.93955751186945358,-0.7469809660585025,-0.28234870341134544,0.66914460868845715,0.51404969770202125,-0.7117979620533037,1.5966373861105867,1.0060545215865442,-0.80684709378467467,-0.16374965947460957,1.2747022400322672,0.48852766557384386,-1.031656353766476,1.6763281123436942,-1.7330365955436937,-0.90117111297135477,-0.56403524419323403,1.2117525776696598,-0.61005148028216116,-0.5222041780916532,-0.25179333353169403,0.039489312124363039,-0.26745924975325208,-0.34110920843443177,-1.5576503725327995,-0.17380949980573054,-1.0326767998745576,0.36144420178041065,0.57984335987266988,0.37540118472637557,-0.75689634808570916,0.072030574499055353,-0.69209837724595569,1.1668078959334678,1.5220659854332999,-1.3682720998265607
meth_f2,-0.87213248478659944,-0.11796568424901265,0.13612064825965578,0.38147268556279013,0.2077654346950254,0.69223712902814516,0.43053545875872679,-0.27978116878462528,2.8853115624404229,-2.0143279851892295,1.3355544262843211,-0.38493594016491939,-1.6891279411601834,-0.12832730109602564,-1.9822223714359732,0.57074276230550269,-0.71433253022434373,-0.65201059965159192,0.18349198557426463,0.40458797860946466,1.4503056072224709,-0.49228506770157243,1.6510099202204453,-0.75725136143328697,-0.74666578287739716,0.56394510334251191,-0.10575393247233925,0.94729526194334124,2.0433712847581575,1.4298701949245791,1.0512624366193428,1.2063935947813236,-0.2525770521135563,-0.39334660279055805,0.7070615563906959,-0.029317346474498202,0.63552627860721844,0.43972227271365033,-1.8753750944028962,0.14963451898442887,2.0571006650221082,0.88906086249596439,-0.31004542041721306,1.2345428017735391,0.50496178349794218,-0.59043906489853415,-0.7475613364673559,1.1026509537234435,-0.076203362768709079,-0.56151341782940056
meth_f3,0.87163889012666407,-1.0476094921264065,-0.49453323884853473,-0.70259110936577918,-1.9127394130234001,-1.0359485394242813,0.1291103974630092,1.0488356880692438,0.68572021075943623,-0.86072994428454896,0.78572304590672337,-0.19618699325752731,1.0844036471689724,-0.75334055293301849,-0.86916456621009275,1.3945200112009841,0.1938944228337687,0.39566691843444363,-1.7558501260951873,-0.31207021225704168,-0.57312996394936178,-0.57886941309194007,-0.22359341317599554,0.2287856207344941,0.16877143186652463,0.64646900516628936,-1.133720035273154,1.5581133939686778,-2.1386707449263369,-1.4360569351370287,1.3137296803538248,0.96683593725308448,-0.7720625756043592,0.050550739929439009,-0.11190539335911412,0.78521883634155409,-0.59346991508282532,0.078187841426842764,0.084256918973134004,-2.3971753626945485,-0.47527848327576067,-2.161173378724154,0.8236803650863751,-0.27101624094964988,-0.66331293914370248,1.0501194992057807,0.081668904625069108,-0.55312865289318403,1.9647930649543595,0.4981481938723708
meth_f4,-1.333514939987692,0.46406210082024474,-0.046581230507296546,0.074017180291918422,0.058641716966527514,-0.48121071981611224,-0.57994985141889244,0.79366328285220222,-1.7290837305541376,-0.22275849405473272,-0.3952760312091958,0.99603636255369876,1.6457627164743227,-0.68953606935160272,1.5915403166106081,0.094300232087134422,-0.49661594846566359,0.24477982853329569,-1.0242356159661727,-0.37480442004844611,1.0035525426868137,-0.88116181414291184,0.69327948684569718,-0.53211245417502473,1.9463289521542588,-1.08945161181351,-1.3377316405553312,-1.0570691054211732,-0.73979444942764816,1.6446841830768759,1.6280148146794935,-0.57357727020412663,0.95961555577528446,0.043626857640458296,1.6191658613079329,-0.31576024783306955,-1.8969751701961362,-0.98605986387876499,0.53714207392623392,-0.63994327427206821,-2.7315379531279773,-2.0557454438059435,0.0091686457915788108,-1.4576992952560024,1.587750819643998,0.049405816270734253,0.47597123761675286,1.6599518058389102,1.2745758364187751,-1.2172775647356922
meth_f5,0.13541838063952444,-1.1182281227675521,-0.9524124689517921,0.030990010599991569,0.063376118977670717,0.61366577030475211,-0.12272142515657655,2.4837960745452254,-0.52745151132457313,-0.40190810843314395,0.0067892174606601734,-0.45115160538765547,1.7374614216109636,1.7400454688140214,0.30528998018685571,-0.32686122833787212,1.2051826840065591,0.25480974582839072,0.67820750224083337,-2.763546180181089,-0.41295358089929801,0.026341154122265155,-1.0873830490214309,0.87579070956977056,0.96879837636332156,0.89212893603794219,1.2300851050561885,0.97870422137816604,-0.6274570416493519,-0.48972768467819772,0.55241392957394975,-2.2231294234193104,-0.75173404948397038,1.9708300666222098,0.35854178726600439,-1.9389554347785352,-1.2405530385704953,-0.71810805490162588,0.92900382655827318,-1.4846110002541211,1.2116833687978685,0.9513260590237117,0.36938800400103555,-0.060392696257124664,0.38853212021605454,0.38626588378157956,-0.23833104852099782,1.7788808370559959,-0.93860950344477201,-0.74835511554823375
meth_f6,1.1240759650669965,0.38908748485523809,-1.2198981981082049,0.10587812051506044,0.76556559294272608,0.92218283530280976,-0.59527760148380338,0.44290521162649354,-1.7929113973670174,2.2459867585359921,-0.13626437367769695,0.040149420223557192,0.94711140769741087,-0.56179364607132898,1.2975918003340603,-0.9556164348637457,-1.4541161940441123,0.88631156137467593,1.2771275300556202,-0.0061187374057464642,0.47991295749234614,2.1679466355572079,0.10258530089360993,-0.24088595335008425,-0.45710229361763521,0.9321478301022631,-0.23665217469551711,0.55255710071274411,-0.79717848868866226,-0.18670304766164955,-0.92174217793423008,1.379904065722636,0.50576883600976896,0.46097151366063849,0.42242926718847812,-1.0973056391238134,2.154928537886442,-0.34408141249531049,0.74632168557789869,0.30022266327128327,-0.067443760376846948,-1.1972677348744696,-1.4647044372694633,0.88926361657251951,-1.6730134984034584,0.54323688636581369,-2.4362021421389466,-0.69743315894672087,-1.0899934743319295,-0.31308959777254036
meth_f7,1.9078764335095246,0.50309805308256439,-0.77059220766060521,0.14719584698330715,0.29394929926857022,-1.1376140705245532,0.28838637842254761,0.21541318993803363,0.69970965930751916,0.57830933429494313,-0.76794311929768211,-1.3422907819525745,0.27246909048097484,-0.30568387476630654,-1.4004476310735479,0.61739685942091826,0.89830749478278327,0.97958997235849532,-1.7414863384107517,-0.94187153781182742,-0.65043744908038903,1.4539852827339868,-0.093568077617666917,0.11365732089042357,-0.034944605854318619,0.41847627589906838,-0.79578924038922472,-0.96878072529191328,0.84893379781652134,0.40242621268586354,1.2934950075275116,0.70410206002692199,-0.013425855983222086,-1.8392907241756755,-0.6910755125051864,1.2900103400478176,0.37075380762644827,1.9108078838240949,-0.66898083009970366,-0.53635127804410332,-0.55615702580648518,0.2595212408971756,-0.42771721582987493,-0.11420299346176563,1.5993861070883511,-1.0093410658317383,0.062291354373993336,0.067092913225110989,-0.28629981416802847,-0.92847917415059311
meth_f8,0.28092956956869786,1.3567450588256291,-0.093252411077774142,-0.063160095107236039,0.97701511518730322,-0.095188949571609699,-0.46052125423663232,0.46691146531513139,-1.192419116398985,0.44341160462912588,0.98366643306758683,0.14365299318657357,1.9480893952471394,0.81337686400665565,0.71741627833662169,-1.6546962052901628,0.29173522678177671,2.8741632159983923,-1.0037903972547602,0.20527728506435994,0.049992700563904049,0.67862208903527621,1.534252231363219,0.082624072959041645,0.86936202533660456,-0.56141807735724369,-0.039109565666520171,1.0993459836315937,-0.96233757314818824,0.38597957443883063,0.047025947935727841,-0.76527998914488604,0.65759674602993012,1.3627393081625105,-0.59633685071311893,-0.19350944876342999,-1.6697112320328031,-1.1283556089684761,-0.58530088134615033,0.19019255332820342,-0.34293637393928694,-0.41350214635182631,0.92490622183640914,1.1424865073047916,0.075756570189631875,-0.38936670568663767,0.32756069763288392,-0.0051456707220978249,1.3740122026216615,0.011284376674756506
meth_f9,1.2632402072973559,0.14886159323600595,0.16091000912425796,-2.2241634184044639,-1.3856872537573541,1.7349929913724924,2.0071067227966664,-1.0356582182372072,-1.2462495239161773,-1.8433644077031772,-1.2461807454751552,-0.23591470453183633,-1.1031587533656795,0.59189656622078712,0.0407751546002438,0.57389464140403745,0.28954372052044275,0.77525463842661113,-0.078937847958275256,-0.40743339451773097,1.7975127312406085,0.51276604577103968,0.036981246530069602,1.4358287794986351,0.37212783430705959,0.78498583683561807,-1.6603155355684276,-0.35135184599175767,-0.36978111074167952,1.1386116717901926,0.14842891785162626,-0.31400140852659325,-0.44650830886403731,0.27391351813202602,0.062174478511661066,-0.73539760528609854,-1.0559861636359835,0.59400698055766232,-0.18457046372517644,0.41731120928621057,0.11815175765083892,0.11830245895233732,-2.0539784992973491,0.69912183204030653,-1.198153428150754,-0.11196678731275971,0.71103288265635312,-1.467219163348487,0.04194633452355781,0.40786953300075823
meth_f10,-0.29901518919902931,-1.7565818869649159,-0.4565144262603566,1.4413158196243101,-0.90116713711364216,-0.29847568988964768,-0.9358226750816937,-0.63332065620856037,0.3656062909807023,-1.0162626955673544,-0.82021792509911817,-0.13158674193652292,1.5825339020225282,0.083326413090774598,0.1458609522654824,0.18291653804509833,1.7426064926788938,0.68646276868168854,0.18942561783743841,-0.51010044958431777,1.0358446321860253,-1.0113646056628507,1.0680182983766213,0.0088010522534833924,-1.7982063532371897,-0.61107716438656967,0.76625829091380049,0.50162552510784097,-1.0038165077933978,-2.2062498379535089,1.036435225358793,1.0305142886822785,-0.44834411034936561,0.91511393012143882,-0.74078819987996158,0.34118599141046324,-0.71017334686999689,-0.81790356320125057,-1.3257318873915278,1.6128594558585321,2.3778288167137878,-0.29339626660462986,-0.404183241206584,0.74156570425881674,1.2396363212314201,-0.39275513328209327,-0.58066427447955504,-0.95681155822012698,-0.81929199964580335,-0.20273723284922762
meth_f11,1.2554472665194523,-0.89623026382229987,0.50095499865867743,-1.9548393307367888,0.094045259727177435,-0.1740543238438266,0.014949177915702048,0.45065784342451803,-0.435780672852081,-0.81564639606595901,-1.7096892757901914,-0.71109725939395951,-0.79822455794153202,-1.732810594788875,-1.2237078810231021,-0.78703214304758673,1.5752075544343567,-0.11848757168220898,-0.87540801736672902,0.59530192384546554,0.24942002393569263,0.90182214817206618,1.1180562394542202,0.12820015952725106,-1.7241692175616596,-0.23367204507222661,-0.7201076188077542,0.15930758714656959,-0.021803438729590785,1.1881400988527417,0.56814474261348025,0.3316057585555493,0.37759921732676016,1.4926152159888599,0.42462662393733847,1.4101593224536326,0.33818125458707515,-0.45513571118802842,-0.5185302721343803,-0.22443464790115455,-0.75573618650396523,1.1705054452425661,0.59348360597330352,0.58151172768192727,1.378497174478764,0.15307635092032709,0.459820411942375,0.38863143572331366,-0.91368406875301134,0.18061323451584047
meth_f12,-0.2895450407567251,-0.069221386992547151,0.80528391594800686,0.096734505412681721,-1.3249148877797523,1.2536178817155312,0.61588839036383936,-0.36337276219557124,0.24285406767179632,-1.5884168095858211,1.824418514919204,0.80727607972427506,-2.1658680027452992,-0.040982106811187288,0.62360074632262708,1.3172167179417109,-0.57838586497761979,0.55176791342196463,0.53673844242907243,0.46052426636002763,0.16993076699918536,-0.33101133941263805,-1.1366417392138339,0.29229595062696989,-1.2014164220508239,-0.14394962424561122,0.3124761021000238,1.8718026893710671,0.17581699432959524,-0.32646717529648134,0.85146122748133946,0.071005752603405609,0.30423094608681311,2.1730560105519086,0.84383234387426109,1.1863797518800265,-1.8451297901572166,-0.67402282379753053,1.3465284661775037,1.3762079513154246,-2.7848674271588032,-0.64306202154080772,-0.99042409727361813,1.2268944329908253,-0.41891301705564554,0.0059184137189383333,-1.3078455035599381,0.62966794176637841,1.3078388529394596,-0.020154410943434554
meth_f13,-0.30839044914347891,-0.65884483791542137,0.15315745157770133,-0.19954989643827328,-0.98122907099062029,1.9479139089605,-0.30900156061818562,-0.045391237492548267,-0.43370480088448732,2.1348161769746654,1.4570740104384541,-1.465703664522745,1.6758034439524319,0.69656658326449816,1.0411868708471821,1.1246857687407446,-0.1251899572219887,-1.8144330222838645,-1.4554753203503354,-0.41960842051753999,-1.8874506568416152,1.1599149704052965,-0.40996634858826964,-0.29890609815722807,1.2087498380188721,0.87205899603192782,-0.021849656384020231,2.2722105410606694,-1.1701481463286796,-1.5108158886741581,1.2581671846169633,-0.13995189590813359,0.90898039703609923,1.1366057067693127,-1.5418921544216164,-1.8791639559583211,1.8192620255570391,1.1990980080886062,-1.8604775260265911,1.220813723575519,0.74959048563807051,1.2106650756063744,-0.2621956675863894,-0.4146602258309976,1.7564185347066021,-0.20841843678682812,0.67642838820703355,-0.56313263716732176,0.41726839523469578,0.2780094553962123
meth_f14,-1.4172606843478586,0.47501008222262336,-0.42151157139891704,-0.97603895709697575,0.3961306866446192,0.71206338532317992,0.24013748817976005,-0.65551900310857303,-0.75552967198101306,0.079518566463048918,0.25671527259028537,0.86466378611213723,-0.12641858930909569,1.574059194102069,-0.2143398442420637,-0.96783954361338542,-0.58979809712726461,-0.61126176768146401,-1.9338748738670644,-0.71128241854813112,0.90951395077127195,0.53423774236870691,1.2756857065763749,-1.2995813651222514,1.1735449571153143,1.8398065515430706,-0.68667473987764927,-0.30867654662440797,0.053367722096387724,-0.33949976461859588,-0.22950635769277272,0.63742304937372252,-0.27379980097242657,-1.1929526092720135,2.0546950754404198,-0.34046161946390507,-0.6045632550887845,-0.4769571608034136,-0.92835658237039542,0.23052156317789282,-1.4896739132172889,0.79968453902266978,1.7345828581084166,-1.6764359426955573,-1.1772170664541184,-1.5788999476032586,0.46732855044980659,-1.2494535883283535,-0.07713947533957137,-1.0112642627917063
meth_f15,-1.2764006929321576,-0.34100594527457395,-0.998996848110284,1.6925148636574172,-1.4902036322182772,1.5988722878534634,0.65739592204723651,1.26217889881115,0.22344476864837945,-0.86885793843139214,2.1135885835655892,0.9458422210476698,-1.0506334358164595,0.051406413630370462,0.40728783654073358,0.26485416793998035,0.36062322886844222,0.61793696360612227,0.44876201709562297,-0.74932423608043874,0.71693168710250621,-0.17431057477584291,-1.1354325611239904,-0.30378278183607538,0.30635135982039663,0.76183964794607484,-0.47838048039462422,1.2709567722340005,-0.95111107021718322,-1.680231617676351,2.7899053257221409,-0.60519990772133092,1.3465648075621188,0.20695884122896138,1.7202288752684511,0.018540671905195837,2.0082852590002398,0.59223398388529802,1.1773847766639132,1.714127057590642,-0.018477147170913442,-1.8623643613257728,-0.72068233059618769,-1.3579933467423098,-0.34427063704669864,-0.97263341369233702,0.17041745231843086,-2.295535724832952,-0.35078408983351084,0.91510698139024871
meth_f16,-1.035915335939831,1.0564258894490084,0.11118131898195255,-0.18754043939938314,-0.50380113869540333,-0.87891980199703568,-1.0503823401295584,0.073020116297010662,-1.4238187768401522,-0.43235600884005543,-1.2444380720876469,-0.95529005703085745,-0.17207040387916514,-0.37826510725323692,0.313969016543869,1.0768296143893423,1.3162514075728482,-0.30047135336079073,2.4866409657455137,-0.50105802603410876,0.0092394788101330429,-0.23257323246636352,-2.1160956222161649,-0.98804788359085471,0.34999663768865708,-0.76715322666268826,0.37810984780874435,0.679248502365982,-1.2785272894527511,0.16364975765923706,-0.5207603201576293,-0.76806274502660321,0.089254681483962608,0.44275925696569135,1.2571565776671529,-0.47474553104541312,-0.79873099258375801,-1.2447432203573348,-0.049953249784584576,0.51423319487583308,0.50063182928636196,-1.642386699191289,-1.5427198792576533,0.62531192158729876,-0.28699316331975205,-1.0357293290153613,-0.044837274417558928,1.2018494910503121,-1.1985702381803693,0.74389428689701609
meth_f17,0.92957199347729003,0.40768108408955123,0.55091575127512515,0.71480410302126718,0.87845652036915611,0.081116059333334309,-0.41240124957606761,0.76426880101404371,0.13211969189521985,2.2297077577561852,0.46716231540917363,0.81843037325397527,-0.2955871796382582,-0.68192521554480778,0.069065719149401225,-0.14681326377008472,-1.0966808573607392,0.26319480269229445,1.0006035025662161,-0.0097532585167774133,0.60926214948829449,-0.31911074418230878,-0.70084435390203836,0.34556702627251834,-0.41924296189089827,-0.52689483441313079,-0.015583788388346518,1.3024158520459548,1.1040642930087723,0.43315834743597453,0.68710190576927033,0.99046386572998302,0.071263988807850093,-0.3594710908043916,0.90650427295410996,-0.87316185375869637,1.4652362831703853,-0.41785518280851325,0.91968634703271523,-2.1271329351338624,-0.17805699084221394,-1.7192488102295937,-2.0004279199392632,1.7357357832658158,0.64758164804748874,-0.32162375772140156,0.23621155696346552,0.1552991885028441,-0.38304750613659427,2.9980237704681341
meth_f18,-1.0504300469535719,0.54466965443911319,-0.10511544328473969,0.77779425168562388,-1.0590101961136333,0.36357416938221898,-0.12088013489021444,-0.88120027909398557,-1.2516224452182567,-0.23717316446352454,0.59293097914420101,-0.56343838348771891,0.69622508144432904,1.0581762456814026,0.52928670909498765,-0.41236835148913042,-0.10353203835827676,0.51819051560222418,-1.1394147698819992,-0.7215436756837732,0.64503851300468873,0.85741711816788002,0.81659678950987202,2.1340349042234066,1.3440467316016473,-0.20136246926697865,0.57022506258808603,0.7866964956240925,-1.1108100535047893,2.617034390140343,0.92693370681402842,1.2122198662700252,0.53491272964235514,0.5171479960684231,-0.67828630795617295,1.5532833182861492,-0.90543982973585158,0.35519221650553118,-0.94973860671492838,0.068920992442015924,-1.5400548020876477,0.13297293366231108,0.63934005426617357,0.024285570579340679,-0.93456265568100327,-0.45782046108439001,1.0950118406902065,-2.7558061483040546,0.7400859063677705,-2.3646902313835296
meth_f19,-0.19142912234787277,-0.30142795718350957,-0.54228908828811762,-0.74287868528648959,-1.5682085186552621,-0.34286845776597019,0.44920815570363398,-1.6010549159818677,-0.28398274133610973,0.62492185609315054,0.071083748181888895,-0.84285640296706166,0.057996131053540401,-0.32427590425965286,-0.64893603505211206,0.0031178337169049906,1.1014863886307555,0.16432737746708559,0.26024174169647596,0.25241864034657968,-0.78102366176215454,0.78825157493257614,-0.61428166933657979,-1.1426899373174813,-0.075428284718810745,-0.14010576831882762,-0.006151750598545387,-1.3290735891168144,-1.7913664679524852,-1.3891536341951707,-1.4499394352083981,0.77376463334442036,1.9706888343082394,-0.21096983471373038,-0.661595790194208,0.26402083809230403,0.7078183137152092,-1.3703557737231422,-0.79451083346266904,-0.3669717618239709,0.50855510431704853,1.6327815950811908,-0.43667194792654668,0.44174571032153637,0.08591191239468518,0.30808064482878567,-1.1951313632326517,-0.47220919549493778,0.11110754962126208,1.2577819670975394
meth_f20,0.55951560479010864,0.9313794542308057,-0.72367395251618882,0.87310110936406948,-0.9043438970928348,-0.4169966958123566,-0.23716790853220726,1.3463145318231733,0.72424294138626921,-0.5136027489002406,1.9081868677118248,-0.46092816006257231,-1.3660341420530151,-0.16987599525332309,1.3206038262593391,0.99470968542487692,0.35699464595373853,-2.3800962183464014,1.5783563982030862,2.0402095645677671,1.7930205849133511,-0.033076152431180866,-0.76570963972657546,-0.37531099003392915,-0.67271926873956678,-0.024231343010903589,0.7576194880002689,-2.1151320379966942,1.4469187086233501,0.65330858911659995,0.62674172300440434,0.15214524317379752,-0.34437611940445473,0.16525536334449406,0.69656693221694355,-0.55266011650588565,0.51437508964018464,-0.41920818379672831,0.79822909974618417,-1.9140638783278563,-0.21023909969493174,-0.29552001009501211,-0.21436325889633717,-1.4160203445210922,0.040573833974179518,-0.76315448913939965,-1.7534820142428744,-1.3968218829414287,1.3980369267778405,1.0931856723167928
meth_f21,1.3028368416056053,-0.89643057419937267,0.41791163716061108,1.0743435441327813,1.3243979936684807,0.74625808873296995,1.6280379244266125,0.85391835834145446,0.029582555039480624,0.81348916893508538,-0.00117189151326223,0.70813371703689421,0.37240943259814574,-0.45214855358050343,0.24332746725357454,-0.2536491372086207,1.8733497039734466,-0.65347026679698572,-0.18368155396646327,-0.77608543807871977,-0.21199080632516726,1.0609128008642654,-1.3832707222453076,0.11823428652633616,-0.26783909827013813,0.69924342436248976,0.67129968327427492,-0.5354811899116847,2.0871929610690532,1.0678509321454355,0.59527750535000867,-0.028762724101303525,-0.49352072433271404,-0.34085272919153869,-1.3011171448517809,-1.639105625187286,-0.056409248187473844,1.4615280378098359,0.16555441362170736,0.11253358589671754,0.63853092872606088,0.94480416199237993,-0.3654891720663877,-1.0831652493498474,0.086109661138397645,3.24225327013581,-0.34191085906921515,0.087713518602493087,-1.8967605702554222,-0.50117229144803432
meth_f22,0.39748470511276957,0.94237759716743885,0.99420268951472612,-1.1677150001151577,-0.29771237855803911,-0.53103758795010125,0.27981861403826597,0.23640316741163117,0.40559204141647331,-0.35527825225179099,0.31358289751370599,-1.4592613787220623,0.71290501133732698,0.13344190502772876,0.33034707055946411,-0.61979386306883721,-1.7957729034075243,0.68129743808502852,-1.0553141351815165,1.5410328158481839,0.97122237844594039,-0.64804232753426028,-0.155378138182862,-0.73838212147183169,-0.13436760385317492,-0.42964728766696425,0.59008057402539826,0.70778933480974993,-0.93255641687217394,-1.2448946932876424,-0.35540180655990927,0.68725534095659213,0.73237943787786863,0.44190476230150499,-0.26453624571353829,-0.83319320731926672,-0.18551460361466762,-1.694940705874046,1.47976910987368,-0.90643556924290758,-0.31429110410748073,-0.24471723273874424,0.18459870540428508,-0.50476609681051909,0.55219526073684211,1.6828114844105537,1.0351866729743651,-0.83770951589234632,0.26019910152453041,0.99791073417958354
meth_f23,-0.16645315056301871,0.94555928462382499,2.8817453047590287,0.18129541809492289,0.66399874980573637,0.76084405883301798,-0.94809102822381619,0.46502430271277906,0.63273557092917354,0.029694694666572274,-0.65682990250155926,2.2534607232651465,-0.98781605823097729,-0.046684580219013602,-1.0547019133456492,-0.49690818976101286,0.1879663169080884,0.81772406945660603,-0.50071507630114798,0.29725142300620561,-0.57493824203948896,1.7778707019543072,0.049356122716511734,-0.40409179707513382,-1.881903572562738,-2.3934449998251783,-0.44292151400243762,1.2055280278218206,-2.1481448855286609,-1.268736217015678,-0.72474125354134022,-0.85447451499263471,0.5816676863162632,-1.0467902811684844,-0.44665764535739017,-0.083155605136446917,-1.2850620713456709,-1.0855476472021217,0.61152147213279351,1.4301388653938358,0.61296943245056845,0.32568850818936901,1.5987195691765594,-2.1738372932428507,1.4860754819723032,0.17554306460691879,0.5545032885779726,0.82828393283871971,-0.090805560783068132,-2.7947112968885794
meth_f24,1.3286795523762263,-0.80799162452077322,-0.50076071600620364,-0.33844671365573603,-0.024754854105572363,-1.8756325776934681,-0.65764642986027722,-1.3884872213422459,-1.6366102707800274,-0.044441474710751938,1.0145859247009952,0.0076108668091516771,-1.4444142990108597,0.12501954590999478,0.80641916269685499,0.98451878207948607,0.91614219257959173,-0.48231651079725707,-0.35247237583509616,1.4533176604102007,-0.60172048783778187,0.88324829678044237,-2.0779455824920392,0.017816123219599547,-0.48766912768021636,0.15448100601144185,0.96172616065780225,0.32442467335931879,0.26267267295038449,0.21846021007595351,-0.70478973320494098,2.0151887729893461,-0.21238014942505926,0.13968298259259332,-0.648908402917446,0.2511606046173141,0.23385547358782613,-0.63070965962730063,0.51210337166918563,0.0058140819314154374,0.48883742973316013,-1.3588206390144231,0.15837255481311405,-0.36550395441989508,-0.55151925523433687,0.01788104443167831,0.93280039093118905,-0.64567531758887653,1.2397058008546225,0.55745957134818902
meth_f25,2.0404348082965553,-0.47932326099309136,-2.3225235437811866,0.53525081286182175,0.14455499691817525,0.29913762935091531,-0.94292935293539681,-0.36388850871200745,0.093115420493934994,0.2746538690079437,0.28459650372474854,-1.0128273123216698,1.6126064001447797,0.1770885131999583,0.93502971340444374,0.55077791748845784,0.21480456842440571,0.0012482808886467884,1.4993595160911084,-0.39535485862202552,1.3564603948629508,0.37480279494280544,0.26683830346403631,-0.53107210549765271,-0.76390426257458599,-0.28546396890202136,0.0046029121951013151,0.5763531215083133,-0.30942179754519761,1.5674402867953194,-1.6254574677337104,0.42917915098823495,1.3739595108318849,0.53105826317426597,-1.7905519000556309,-0.1791230623153873,2.2691203578414862,-0.66686425330741861,-0.99693475037501267,-0.12743902382479591,0.29191030341377089,-0.25353462325643333,1.8795104078204972,-1.7433140817567911,0.46669102565761061,-0.50185273192039592,0.1200425877933859,0.056708961695051664,-1.1270558258298227,-0.10363983087481833
meth_f26,-0.14461109724805507,0.45354056896661421,-0.3363341933907843,-0.44935262606089571,0.015370430430499998,0.99186496142508196,0.49674245475671769,-1.2791736754491625,0.51330795715596933,-1.7370357879446239,-0.48456699414854415,0.7317102878166083,0.028763465363133685,-0.89038749743086043,1.0453381760691789,-0.91486277208819622,-0.86538680283396585,-0.79551935578454092,0.19809382400498834,0.38770970978703917,-0.9156330817910755,0.16030769220038987,-1.3966200007060752,-0.80700105402754985,-0.25720442149082728,-0.10786942955911344,0.80553578461925412,0.6599795222311694,-0.19512459703850196,1.0125088013286567,0.2921597540880273,-0.68405941546601634,-0.098466777962341157,0.025109884222154901,0.054769672935641431,-0.25380367711557983,-0.69150860940584336,-0.25180842631750616,-1.3997802381503868,0.13487530683801213,1.6692178471721999,0.71047073791119331,-1.4577591351071642,-0.38268010738054803,-0.42708984096363578,1.4773225594164627,0.29322754123684969,-0.43464467982594573,-0.72277750521680861,-0.89790258737083484
meth_f27,0.79106327484170647,-1.7045154535298994,-0.36478938603208338,-0.39279357055815184,1.1246219026911997,-0.76529201505110012,2.4587648052226454,0.013854442316333189,1.3027785453626888,0.98352064154259944,-1.160327553223313,0.16269954545291115,0.22464431081728628,0.10495302917946675,-0.34951162060118224,-0.5291343826582332,2.6164627355054693,0.34628616137406515,-2.3647885035363125,-1.4820518479235754,-0.77330047955097392,-1.8226686081759254,0.092144731257392018,-1.3243191886865366,1.0459607620691782,-0.86588216074614766,-0.5867639686720586,0.45943336272733454,-0.66853566674028142,-1.8846373662633109,0.28724760248235165,-0.49615787692466362,0.93082910313923195,0.050413961017327459,-1.4455330258652537,-1.0864372300504863,0.25877833108139647,-0.33910534420640959,-0.55058280394917103,0.72946407466385066,1.2043517986815762,1.7362586160978366,0.49634181427295404,-1.1130085505954699,-0.86495587311419853,0.16030962083029099,-0.78412999068175249,0.16925020100511534,1.5406643672257205,-0.14078982505326362
meth_f28,0.36014928193906715,-1.4865252326515586,1.5275864818891529,-0.58044468455601006,-0.99216475832600426,1.1500483299963302,0.47766583577168764,-2.0987000032894034,0.6748616196121453,0.69348119371666306,0.20949523738693729,-0.81233980048422938,0.76250819082871213,-1.2901801445987569,0.7318837085265798,0.23678674524649848,-0.72934437087952231,-0.68917925824090354,0.25911561750193329,0.7319481770767573,0.84840625741782916,-0.39849591275891411,0.53415980354039394,0.77971612160004977,-0.18890641266295805,-0.19355494897589626,1.0278186604276216,0.090294504938826556,0.97977010467192316,-0.25693670233617893,0.67024775108350521,-0.35299045888602387,-0.63582361006034527,-1.6620395734505649,-0.57936085178988772,0.62337953387605793,-1.192290237844565,1.3984648351790738,1.6005825271590439,2.3743459354801169,0.85417240800320371,0.044959495950788068,0.35006400920289843,-0.27444003057617955,0.079588833474926443,-0.7909052250823132,-0.83842199516060389,-0.20236863924208157,-0.65510627485879691,-0.39834682964831541
meth_f29,0.25589659341550453,-1.3953992844598195,-1.9220864832191642,1.6040934106398679,2.2186233318012909,-1.7292111896858746,-0.06949968015701885,0.0991984564544304,-0.59151417610271317,-0.48485794253764014,0.58754330920514375,0.93902397473350463,0.76656348487869452,0.40701630803701938,1.2595863839294377,-1.2011782922532623,1.2715278275527389,-0.26948334599398821,-0.14758779782913967,-0.43396233421423297,-0.33623630528733955,0.1056334796635998,-1.198090156822504,1.3920110364263376,0.90971106957012127,-1.3969836918392322,-0.06443342199876044,2.1152709540318151,0.21868857874624609,1.74571918764689,0.44099049913754695,0.41499684168410594,1.2167210306804119,-0.44854979079657398,0.19419318627211574,-0.12601626966705265,-0.1042776035663438,-0.30512499588091674,-0.82994672282750037,-0.71713835493811029,-1.0308245358433361,0.020281362405087707,-0.40015376805324909,0.37031094590830521,1.1130630490118698,-0.24416383456106719,-0.12059961071222666,-0.83644634725300704,0.61873585975981271,0.32375746478370587
